line_id,line_name,mode,old_departures,new_departures,old_median_headway_min,action,new_headway_min
bus_line_350100010003,1路(西门--白湖亭),bus,176,176,6.0,kept,
bus_line_350100010004,1路(则徐大道盖山路口--西门),bus,89,89,12.0,kept,
bus_line_350100010005,2路(火车站北广场--公交海峡国际会展中心西站),bus,162,162,6.0,kept,
bus_line_350100010008,2路(公交海峡国际会展中心西站--火车站北广场),bus,90,90,10.0,kept,
bus_line_350100010009,3路(螺洲古镇--公交苍霞站),bus,149,149,6.0,kept,
bus_line_350100010010,3路(公交苍霞站--螺洲古镇),bus,83,83,10.0,kept,
bus_line_350100010011,4路(丰泉环保集团--左海公园西门),bus,66,66,13.0,kept,
bus_line_350100010012,4路(左海公园西门--丰泉环保集团),bus,66,66,13.0,kept,
bus_line_350100010013,5路(金山公交总站--火车站北广场),bus,64,64,15.0,kept,
bus_line_350100010014,5路(火车站北广场--金山公交总站),bus,74,74,13.0,kept,
bus_line_350100010015,6路(敬老线路)(金山浦上公交枢纽站--公交仁德站),bus,76,76,11.0,kept,
bus_line_350100010016,6路(敬老线路)(公交仁德站--金山浦上公交枢纽站),bus,76,76,11.0,kept,
bus_line_350100010018,7路(福大学生广场--廨院公交总站),bus,59,59,15.0,kept,
bus_line_350100010019,8路(则徐大道盖山路口--软件园公交总站),bus,173,173,6.0,kept,
bus_line_350100010020,8路(软件园公交总站--白湖亭),bus,95,95,11.0,kept,
bus_line_350100010021,9路(远东丽景公交站--新厦二区社区),bus,185,185,5.0,kept,
bus_line_350100010022,9路(新厦二区社区--远东丽景公交站),bus,110,110,8.0,kept,
bus_line_350100010023,10路(鳌峰洲公交总站--火车站北广场),bus,84,84,11.0,kept,
bus_line_350100010024,10路(火车站北广场--鳌峰洲公交总站),bus,84,84,11.0,kept,
bus_line_350100010025,11路(海峡奥体公交枢纽站--公交鹤林站),bus,65,65,10.0,kept,
bus_line_350100010026,11路(公交鹤林站--海峡奥体公交枢纽站),bus,147,147,6.0,kept,
bus_line_350100010027,13路(敬老线路)(鳌峰洲公交总站--洪塘公交总站),bus,80,80,12.0,kept,
bus_line_350100010028,13路(敬老线路)(洪塘公交总站--鳌峰洲公交总站),bus,80,80,12.0,kept,
bus_line_350100010031,14路(软件园鲲鹏大厦--新后坂停车场),bus,74,74,13.0,kept,
bus_line_350100010032,14路(地铁葫芦阵(东侧)--软件园鲲鹏大厦),bus,102,102,10.0,kept,
bus_line_350100010033,16路(鳌峰洲公交总站--洪山梁厝路),bus,142,142,7.0,kept,
bus_line_350100010034,16路(洪山梁厝路--鳌峰洲公交总站),bus,74,74,13.0,kept,
bus_line_350100010035,K2路(火车南站西广场--火车站北广场),bus,193,193,5.0,kept,
bus_line_350100010036,K2路(火车站北广场--火车南站东广场),bus,101,101,10.0,kept,
bus_line_350100010037,18路(火车站南广场--仁山路利嘉国际商业城),bus,148,148,6.0,kept,
bus_line_350100010038,18路(仁山路利嘉国际商业城--火车站南广场),bus,76,76,12.0,kept,
bus_line_350100010041,20路(福州华光大帝庙--火车站南广场),bus,199,199,6.0,kept,
bus_line_350100010042,20路(火车站南广场--福州华光大帝庙),bus,105,105,10.0,kept,
bus_line_350100010046,K3路(金山金桔站--火车站南广场),bus,156,156,6.0,kept,
bus_line_350100010047,27路(敬老线路)(福新公交枢纽站--福大东门),bus,76,76,12.0,kept,
bus_line_350100010048,27路(敬老线路)(福大东门--湖塘村),bus,76,76,12.0,kept,
bus_line_350100010049,29路(敬老线路)(鼓山公交总站--金牛山公园),bus,74,74,14.0,kept,
bus_line_350100010050,29路(敬老线路)(金牛山公园--鼓山公交总站),bus,74,74,14.0,kept,
bus_line_350100010051,30路(尚干--台江广场),bus,102,102,10.0,kept,
bus_line_350100010052,30路(台江广场--尚干),bus,102,102,10.0,kept,
bus_line_350100010054,33路(白沙--公交仁德站),bus,102,102,10.0,kept,
bus_line_350100010055,36路(青芝山风景区(秦川)--鼓山公交总站),bus,21,43,31.0,densified,20.0
bus_line_350100010056,36路(鼓山公交总站--青芝山风景区(秦川)),bus,102,102,10.0,kept,
bus_line_350100010057,37路(尤溪洲(西)公交站--马尾青洲公交总站),bus,210,210,4.0,kept,
bus_line_350100010058,37路(马尾青洲公交总站--尤溪洲(西)公交站),bus,115,115,8.0,kept,
bus_line_350100010059,38路(闽侯青岐公交总站--公交仁德站),bus,66,66,14.0,kept,
bus_line_350100010061,39路(台江广场--地铁沙堤站),bus,67,67,14.0,kept,
bus_line_350100010062,39路(地铁沙堤站--台江广场),bus,67,67,14.0,kept,
bus_line_350100010063,40路快线(云龙礼堂--公交仁德站),bus,17,17,57.0,kept_special,
bus_line_350100010064,40路快线(公交仁德站--云龙礼堂),bus,102,102,10.0,kept_special,
bus_line_350100010065,51路(敬老线路)(火车站北广场--曙光支路东站),bus,68,68,16.0,kept,
bus_line_350100010066,51路(敬老线路)(鳌峰大桥--火车站北广场),bus,70,70,16.0,kept,
bus_line_350100010067,52路(公交苍霞站--山北公交首末站),bus,86,86,10.0,kept,
bus_line_350100010068,52路(山北公交首末站--公交苍霞站),bus,86,86,10.0,kept,
bus_line_350100010069,56路(东山新苑公交站--快安公交站),bus,100,100,9.0,kept,
bus_line_350100010071,91路(动物园--金山金桔站),bus,59,59,16.0,kept,
bus_line_350100010072,91路(金山金桔站--动物园),bus,60,60,16.0,kept,
bus_line_350100010073,106路(敬老线路)(福州华光大帝庙--罗汉山隧道西站),bus,139,139,6.0,kept,
bus_line_350100010074,106路(敬老线路)(罗汉山隧道西站--福州华光大帝庙),bus,72,72,12.0,kept,
bus_line_350100010077,125路(公交福湾站--公交鹤林站),bus,175,175,5.0,kept,
bus_line_350100010078,125路(公交鹤林站--公交福湾站),bus,96,96,9.0,kept,
bus_line_350100010079,101路(梅亭部队--后坂),bus,137,137,8.0,kept,
bus_line_350100010080,101路(地铁葫芦阵站--梅亭部队),bus,80,80,11.0,kept,
bus_line_350100010081,102路(动物园--鳌峰洲公交总站),bus,179,179,5.0,kept,
bus_line_350100010082,102路(鳌峰洲公交总站--动物园),bus,96,96,9.0,kept,
bus_line_350100010083,103路(金牛山公园--东部办公区),bus,74,74,13.0,kept,
bus_line_350100010084,103路(东部办公区--金牛山公园),bus,74,74,13.0,kept,
bus_line_350100010087,25路(敬老线路)(尤溪洲(西)公交站--公交福湾站),bus,71,71,12.0,kept,
bus_line_350100010088,25路(敬老线路)(公交福湾站--尤溪洲(西)公交站),bus,71,71,12.0,kept,
bus_line_350100010089,105路(港头(朝阳路)--软件园公交总站),bus,70,70,13.0,kept,
bus_line_350100010090,105路(软件园公交总站--港头(朝阳路)),bus,70,70,13.0,kept,
bus_line_350100010091,107路(鼓山公交总站--软件园公交总站),bus,128,128,7.0,kept,
bus_line_350100010092,107路(软件园公交总站--鼓山公交总站),bus,69,69,14.0,kept,
bus_line_350100010093,108路(动物园--鼓山公交总站),bus,140,140,6.0,kept,
bus_line_350100010094,108路(鼓山公交总站--动物园),bus,72,72,11.0,kept,
bus_line_350100010095,109路(敬老线路)(义井公交总站--鳌峰洲公交总站),bus,156,156,6.0,kept,
bus_line_350100010096,109路(敬老线路)(鳌峰洲公交总站--义井公交总站),bus,131,131,7.0,kept,
bus_line_350100010097,100路(敬老线路)(火车站南广场--金山浦上公交枢纽站),bus,207,207,5.0,kept,
bus_line_350100010098,100路(敬老线路)(金山浦上公交枢纽站--火车站南广场),bus,110,110,9.0,kept,
bus_line_350100010099,111路(上柳路北--金山公交总站),bus,130,130,8.0,kept,
bus_line_350100010100,111路(金山公交总站--上柳路北),bus,77,77,13.0,kept,
bus_line_350100010101,112路(洪山梁厝路--廨院公交总站),bus,142,142,6.0,kept,
bus_line_350100010102,112路(廨院公交总站--洪山梁厝路),bus,74,74,12.0,kept,
bus_line_350100010105,115路(廨院公交总站--上渡滨洲),bus,142,142,7.0,kept,
bus_line_350100010106,115路(上渡滨洲--廨院公交总站),bus,76,76,12.0,kept,
bus_line_350100010107,117路(金山浦上公交枢纽站--动物园),bus,149,149,7.0,kept,
bus_line_350100010108,117路(动物园--金山浦上公交枢纽站),bus,95,95,10.0,kept,
bus_line_350100010109,118路(金山公交总站--公交鹤林站),bus,175,175,5.0,kept,
bus_line_350100010110,118路(公交鹤林站--金山公交总站),bus,143,143,6.0,kept,
bus_line_350100010111,121路(敬老线路)(金山公交总站--水头),bus,75,75,13.0,kept,
bus_line_350100010112,121路(敬老线路)(地铁斗门--金山公交总站),bus,102,102,10.0,kept,
bus_line_350100010115,84路(动物园--凤池村),bus,8,31,35.0,densified,20.0
bus_line_350100010116,84路(凤池村--动物园),bus,4,29,210.0,densified,20.0
bus_line_350100010117,76路(东坑--东升小区),bus,168,168,6.0,kept,
bus_line_350100010118,76路(东升小区--东坑),bus,75,75,8.0,kept,
bus_line_350100010125,73路(公交仁德站--马尾青洲公交总站),bus,81,81,12.0,kept,
bus_line_350100010126,73路(马尾青洲公交总站--公交仁德站),bus,81,81,12.0,kept,
bus_line_350100010127,82路(江口公交总站--公交苍霞站),bus,70,70,12.0,kept,
bus_line_350100010128,82路(公交苍霞站--江口公交总站),bus,102,102,10.0,kept,
bus_line_350100010131,54路(森林公园--公交仁德站),bus,51,51,14.0,kept,
bus_line_350100010132,54路(公交仁德站--森林公园),bus,102,102,10.0,kept,
bus_line_350100010135,66路(福州华光大帝庙--软件园鲲鹏大厦),bus,135,135,8.0,kept,
bus_line_350100010136,66路(软件园鲲鹏大厦--福州华光大帝庙),bus,84,84,10.0,kept,
bus_line_350100010137,88路(鳌峰洲公交总站--左海公园西门),bus,62,62,14.0,kept,
bus_line_350100010138,88路(左海公园西门--鳌峰洲公交总站),bus,62,62,14.0,kept,
bus_line_350100010139,69路(火车站南广场--湖塘村),bus,80,80,12.0,kept,
bus_line_350100010140,69路(福新公交枢纽站--火车站南广场),bus,76,76,12.0,kept,
bus_line_350100010141,81路(公交福湾站--王庄公交总站),bus,106,106,8.0,kept,
bus_line_350100010142,81路(王庄公交总站--公交福湾站),bus,57,57,14.0,kept,
bus_line_350100010145,79路(金山浦上公交枢纽站--公交鹤林站),bus,76,76,12.0,kept,
bus_line_350100010146,79路(公交鹤林站--金山浦上公交枢纽站),bus,76,76,12.0,kept,
bus_line_350100010147,86路(园中村--大富山),bus,102,102,10.0,kept,
bus_line_350100010148,86路(大富山--园中村),bus,102,102,10.0,kept,
bus_line_350100010149,97路(金山浦上公交枢纽站--王庄公交总站),bus,63,63,14.0,kept,
bus_line_350100010150,97路(王庄公交总站--金山浦上公交枢纽站),bus,62,62,14.0,kept,
bus_line_350100010151,80路(软件园鲲鹏大厦--园中村),bus,132,132,6.0,kept,
bus_line_350100010152,80路(园中村--软件园鲲鹏大厦),bus,69,69,12.0,kept,
bus_line_350100010153,71路(鳌峰洲公交总站--湖塘村),bus,77,77,12.0,kept,
bus_line_350100010154,71路(福新公交枢纽站--鳌峰洲公交总站),bus,77,77,12.0,kept,
bus_line_350100010155,70路(鼓山公交总站--福大东门),bus,179,179,5.0,kept,
bus_line_350100010156,70路(福大东门--鼓山公交总站),bus,94,94,9.0,kept,
bus_line_350100010157,61路(福大学生广场--横屿公交枢纽站),bus,16,16,20.0,kept,
bus_line_350100010158,61路(横屿公交枢纽站--福大学生广场),bus,16,16,20.0,kept,
bus_line_350100010163,68路(省人才公寓--福建理工大学鼓山校区),bus,103,103,8.0,kept,
bus_line_350100010164,68路(林茂地板厂--省人才公寓),bus,54,54,15.0,kept,
bus_line_350100010167,78路(福新公交枢纽站--动物园),bus,75,75,12.0,kept,
bus_line_350100010168,78路(动物园--后屿福光路口),bus,75,75,12.0,kept,
bus_line_350100010171,90路(城门三丰--杜园山),bus,16,36,21.0,densified,20.0
bus_line_350100010172,90路(杜园山--城门三丰),bus,8,34,110.0,densified,20.0
bus_line_350100010173,74路(敬老线路)(义井公交总站--鳌峰洲公交总站),bus,53,53,17.0,kept,
bus_line_350100010174,74路(敬老线路)(鳌峰洲公交总站--义井公交总站),bus,131,131,7.0,kept,
bus_line_350100010175,93路(尤溪洲(西)公交站--福建理工大学鼓山校区),bus,55,55,16.0,kept,
bus_line_350100010176,93路(福建理工大学鼓山校区--尤溪洲(西)公交站),bus,55,55,16.0,kept,
bus_line_350100010193,地铁接驳27号专线(胪雷路北站--杜园山),bus,56,56,16.0,kept_special,
bus_line_350100010197,53路(敬老线路)(西山部队--福州温泉博物馆),bus,58,58,17.0,kept,
bus_line_350100010198,地铁接驳27号专线(杜园山--胪雷路北),bus,30,30,29.0,kept_special,
bus_line_350100010199,96路(福建理工大学--福大东门),bus,68,68,11.0,kept,
bus_line_350100010200,23路(王庄公交总站--福能总医院),bus,72,72,12.0,kept,
bus_line_350100010202,53路(敬老线路)(福州温泉博物馆--西山部队),bus,58,58,17.0,kept,
bus_line_350100010205,55路快线(福建中医药大学首末站--火车站北广场),bus,138,138,6.0,kept_special,
bus_line_350100010207,23路(福能总医院--王庄公交总站),bus,72,72,12.0,kept,
bus_line_350100010209,96路(福大东门--福建理工大学),bus,102,102,10.0,kept,
bus_line_350100010211,45路(利嘉自贸区--金牛山公园),bus,61,61,14.0,kept,
bus_line_350100010212,45路(金牛山公园--利嘉自贸区),bus,61,61,14.0,kept,
bus_line_350100010213,41路(闽江学院北门--公交仁德站),bus,40,51,23.0,densified,20.0
bus_line_350100010216,46路(潭桥公交总站--教院二附中),bus,132,132,6.0,kept,
bus_line_350100010217,41路(公交仁德站--闽江学院北门),bus,102,102,10.0,kept,
bus_line_350100010220,55路快线(火车站北广场--福建中医药大学首末站),bus,102,102,10.0,kept_special,
bus_line_350100010221,46路(教院二附中--潭桥公交总站),bus,69,69,12.0,kept,
bus_line_350100010224,57路(濂江公交总站--地铁葫芦阵),bus,33,40,21.0,densified,20.0
bus_line_350100010228,122路(敬老线路)(洪塘公交总站--湖塘村),bus,123,123,8.0,kept,
bus_line_350100010230,122路(敬老线路)(福新公交枢纽站--洪塘公交总站),bus,67,67,13.0,kept,
bus_line_350100010231,28路(敬老线路)(地铁葫芦阵站--新厦二区社区),bus,87,87,11.0,kept,
bus_line_350100010232,128路(金山浦上公交枢纽站--上柳路北),bus,138,138,6.0,kept,
bus_line_350100010233,57路(地铁葫芦阵--濂江公交总站),bus,33,40,21.0,densified,20.0
bus_line_350100010234,58路(马尾水岸君山--鳌峰洲公交总站),bus,51,51,16.0,kept,
bus_line_350100010235,128路(上柳路北--金山浦上公交枢纽站),bus,85,85,10.0,kept,
bus_line_350100010236,28路(敬老线路)(新厦二区社区--后坂),bus,84,84,11.0,kept,
bus_line_350100010237,59路(快安公交站--公交仁德站),bus,112,112,8.0,kept,
bus_line_350100010238,124路(火车南站西广场--金牛山公园),bus,145,145,6.0,kept,
bus_line_350100010239,42路(金山金桔站--白湖亭),bus,146,146,6.0,kept,
bus_line_350100010240,129路(警森苑--鳌峰洲公交总站),bus,196,196,4.0,kept,
bus_line_350100010241,31路(青口公交总站--台江广场),bus,65,65,15.0,kept,
bus_line_350100010242,59路(公交仁德站--快安公交站),bus,57,57,17.0,kept,
bus_line_350100010243,49路(福州温泉博物馆--软件园鲲鹏大厦),bus,110,110,8.0,kept,
bus_line_350100010244,49路(软件园鲲鹏大厦--福州温泉博物馆),bus,57,57,15.0,kept,
bus_line_350100010245,124路(金牛山公园--火车南站东广场),bus,75,75,12.0,kept,
bus_line_350100010246,129路(鳌峰洲公交总站--警森苑),bus,104,104,8.0,kept,
bus_line_350100010247,42路(白湖亭--金山金桔站),bus,78,78,11.0,kept,
bus_line_350100010248,31路(台江广场--青口公交总站),bus,65,65,15.0,kept,
bus_line_350100010249,126路(齐安公交总站--湖塘村),bus,164,164,5.0,kept,
bus_line_350100010250,64路(居然之家(李园)--福大东门),bus,46,46,19.0,kept,
bus_line_350100010251,58路(鳌峰洲公交总站--马尾水岸君山),bus,102,102,10.0,kept,
bus_line_350100010253,126路(福新公交枢纽站--齐安公交总站),bus,86,86,10.0,kept,
bus_line_350100010254,87路(福州华光大帝庙--动物园),bus,72,72,12.0,kept,
bus_line_350100010255,64路(福大东门--居然之家(李园)站(西行)),bus,102,102,10.0,kept,
bus_line_350100010256,87路(动物园--福州华光大帝庙),bus,102,102,10.0,kept,
bus_line_350100010258,43路(大学城师大旗山校区东门--上渡),bus,34,34,17.0,kept,
bus_line_350100010259,43路(上渡--大学城师大旗山校区东门),bus,102,102,10.0,kept,
bus_line_350100010262,7路(廨院公交总站--福大学生广场),bus,59,59,15.0,kept,
bus_line_350100010264,62路(敬老线路)(动物园--潭桥公交总站),bus,126,126,7.0,kept,
bus_line_350100010265,62路(敬老线路)(潭桥公交总站--动物园),bus,127,127,7.0,kept,
bus_line_350100010266,65路(西园公交总站--金牛山公园),bus,55,55,16.0,kept,
bus_line_350100010267,65路(金牛山公园--西园公交总站),bus,55,55,16.0,kept,
bus_line_350100010270,K1路(鹭岭公交总站--火车站北广场),bus,143,143,7.0,kept,
bus_line_350100010271,K1路(火车站北广场--鹭岭公交总站),bus,88,88,11.0,kept,
bus_line_350100010272,60路(福州华光大帝庙--岳峰南路),bus,53,53,16.0,kept,
bus_line_350100010273,60路(岳峰南路--福州华光大帝庙),bus,53,53,16.0,kept,
bus_line_350100010274,12路(尤溪洲(东)停车场--秀宅路),bus,90,90,9.0,kept,
bus_line_350100010275,12路(秀宅路--尤溪洲(东)停车场),bus,48,48,16.0,kept,
bus_line_350100010278,夜班2号线(火车站北广场(西侧)--金山浦上公交枢纽站),bus,12,12,20.0,kept_special,
bus_line_350100010279,夜班2号线(金山浦上公交枢纽站--火车站北广场),bus,12,12,20.0,kept_special,
bus_line_350100010280,67路(仓山步行街--海峡文化艺术中心),bus,83,83,11.0,kept,
bus_line_350100010286,113路(高湖友谊路口--洪山梁厝路),bus,153,153,6.0,kept,
bus_line_350100010287,113路(洪山梁厝路--高湖友谊路口),bus,83,83,11.0,kept,
bus_line_350100010288,72路(森林公园--公交鹤林站),bus,65,65,12.0,kept,
bus_line_350100010289,72路(公交鹤林站--森林公园),bus,65,65,12.0,kept,
bus_line_350100010291,131路(鳌峰洲公交总站--快安公交站),bus,111,111,8.0,kept,
bus_line_350100010292,131路(快安公交站--鳌峰洲公交总站),bus,60,60,15.0,kept,
bus_line_350100010293,89路(华南女子学院--公交仁德站),bus,140,140,6.0,kept,
bus_line_350100010294,89路(公交仁德站--华南女子学院),bus,102,102,10.0,kept,
bus_line_350100010295,132路(福州东南眼科医院金山新院--警森苑),bus,81,81,11.0,kept,
bus_line_350100010296,132路(警森苑--福州东南眼科医院金山新院),bus,79,79,11.0,kept,
bus_line_350100010297,95路(公交大学城西停车场--金山公交总站),bus,111,111,9.0,kept,
bus_line_350100010298,95路(金山公交总站--公交大学城西停车场),bus,102,102,10.0,kept,
bus_line_350100010299,98路(利嘉自贸区--左海公园西门),bus,101,101,8.0,kept,
bus_line_350100010302,92路(福新公交枢纽站--尤溪洲(东)停车场),bus,60,60,16.0,kept,
bus_line_350100010303,92路(尤溪洲(东)停车场--湖塘村),bus,60,60,16.0,kept,
bus_line_350100010304,133路(金山公交总站--火车站北广场),bus,138,138,7.0,kept,
bus_line_350100010305,133路(火车站北广场--金山公交总站),bus,74,74,13.0,kept,
bus_line_350100010308,116路(长安工业区凌力集团--马尾青洲公交总站),bus,89,89,10.0,kept,
bus_line_350100010309,116路(马尾青洲公交总站--长安工业区凌力集团),bus,102,102,10.0,kept,
bus_line_350100010310,303路(鼓山公交总站--洪山桥小区),bus,68,68,13.0,kept,
bus_line_350100010311,303路(洪山桥小区--鼓山公交总站),bus,70,70,13.0,kept,
bus_line_350100010312,305路(火车南站西广场--公交鹤林站),bus,66,66,13.0,kept,
bus_line_350100010313,305路(公交鹤林站--火车南站东广场),bus,66,66,13.0,kept,
bus_line_350100010314,306路(义序公交综合车场--公交仁德站),bus,66,66,13.0,kept,
bus_line_350100010315,306路(公交仁德站--义序公交综合车场),bus,66,66,13.0,kept,
bus_line_350100010316,301路(左海公园西门--白湖亭),bus,70,70,13.0,kept,
bus_line_350100010317,301路(白湖亭--左海公园西门),bus,70,70,13.0,kept,
bus_line_350100010318,302路(公交福湾站--鼓山公交总站),bus,68,68,13.0,kept,
bus_line_350100010319,302路(鼓山公交总站--公交福湾站),bus,68,68,13.0,kept,
bus_line_350100010320,130路(福大学生广场--潭桥公交总站),bus,16,16,20.0,kept,
bus_line_350100010321,130路(潭桥公交总站--福大学生广场),bus,16,16,20.0,kept,
bus_line_350100010322,17路(埔党路口--高湖),bus,71,71,13.0,kept,
bus_line_350100010323,17路(盖山镇政府新村--埔党路口),bus,71,71,13.0,kept,
bus_line_350100010325,83路(公交仁德站--火车南站东广场),bus,72,72,12.0,kept,
bus_line_350100010326,136路(公交仁德站--公交海峡国际会展中心西站),bus,65,65,14.0,kept,
bus_line_350100010327,136路(公交海峡国际会展中心西站--公交仁德站),bus,71,71,14.0,kept,
bus_line_350100010328,67路(海峡文化艺术中心--仓山步行街),bus,41,41,20.0,kept,
bus_line_350100010329,309路(雁头路东--尤溪洲(东)停车场),bus,66,66,13.0,kept,
bus_line_350100010330,309路(尤溪洲(东)停车场--雁头路东),bus,66,66,13.0,kept,
bus_line_350100010331,308路(火车站北广场--金山金桔站),bus,73,73,13.0,kept,
bus_line_350100010332,308路(金山金桔站--火车站北广场),bus,70,70,13.0,kept,
bus_line_350100010335,310路(潭桥公交总站--动物园),bus,68,68,13.0,kept,
bus_line_350100010336,310路(动物园--潭桥公交总站),bus,68,68,13.0,kept,
bus_line_350100010337,307路(公交海峡国际会展中心东站--洪山桥小区),bus,62,62,13.0,kept,
bus_line_350100010338,307路(洪山桥小区--公交海峡国际会展中心东站),bus,70,70,13.0,kept,
bus_line_350100010342,602路(闽侯客运中心--工业区二期路口),bus,29,38,28.0,densified,20.0
bus_line_350100010345,313路(公交鹤林站--金山公交总站),bus,68,68,13.0,kept,
bus_line_350100010346,313路(金山公交总站--公交鹤林站),bus,70,70,13.0,kept,
bus_line_350100010347,315路(金山金桔站--王庄公交总站),bus,68,68,13.0,kept,
bus_line_350100010348,315路(王庄公交总站--金山金桔站),bus,68,68,13.0,kept,
bus_line_350100010351,98路(左海公园西门--利嘉自贸区),bus,53,53,16.0,kept,
bus_line_350100010352,316路(东山新苑公交站--福大东门),bus,68,68,13.0,kept,
bus_line_350100010353,316路(福大东门--东山新苑公交站),bus,68,68,13.0,kept,
bus_line_350100010354,317路(金山浦上公交枢纽站--福建理工大学鼓山校区),bus,68,68,13.0,kept,
bus_line_350100010355,317路(福建理工大学鼓山校区--金山浦上公交枢纽站),bus,68,68,13.0,kept,
bus_line_350100010356,311路(闽运阳岐停车场--软件园公交总站),bus,150,150,6.0,kept,
bus_line_350100010357,311路(软件园公交总站--闽运阳岐停车场),bus,85,85,10.0,kept,
bus_line_350100010358,138路(福晟钱隆樽品--尤溪洲(东)停车场),bus,66,66,14.0,kept,
bus_line_350100010359,138路(尤溪洲(东)停车场--福晟钱隆樽品),bus,66,66,14.0,kept,
bus_line_350100010362,319路(福建理工大学鼓山校区--鹭岭公交总站),bus,129,129,7.0,kept,
bus_line_350100010363,319路(鹭岭公交总站--福建理工大学鼓山校区),bus,65,65,14.0,kept,
bus_line_350100010365,320路(鳌峰洲公交总站--洪山桥小区),bus,70,70,13.0,kept,
bus_line_350100010366,320路(洪山桥小区--鳌峰洲公交总站),bus,68,68,13.0,kept,
bus_line_350100010371,209路(燎原路水岸路口--金融街万达广场(曙光路)),bus,44,44,17.0,kept,
bus_line_350100010372,142路(城锦公交车场站--东部办公区),bus,96,96,8.0,kept,
bus_line_350100010373,209路(金融街万达广场(曙光路)--燎原路水岸路口),bus,44,44,17.0,kept,
bus_line_350100010374,142路(东部办公区--城锦公交车场站),bus,50,50,16.0,kept,
bus_line_350100010376,318路(公交鹤林站--公交大学城总站),bus,120,120,8.0,kept,
bus_line_350100010379,318路(公交大学城总站--公交鹤林站),bus,102,102,10.0,kept,
bus_line_350100010380,K3路(火车站南广场--金山金桔站),bus,80,80,12.0,kept,
bus_line_350100010393,511路(闽侯客运中心--竹西村),bus,43,43,18.0,kept,
bus_line_350100010394,511路(竹西村--闽侯客运中心),bus,43,43,18.0,kept,
bus_line_350100010397,140路(马尾青洲公交总站--火车南站东广场),bus,104,104,8.0,kept,
bus_line_350100010398,140路(火车南站西广场--马尾青洲公交总站),bus,107,107,8.0,kept,
bus_line_350100010399,518路(地铁苏洋站--闽侯客运中心),bus,102,102,10.0,kept,
bus_line_350100010403,139路快线(马尾青洲公交总站--金山公交总站),bus,50,50,16.0,kept_special,
bus_line_350100010404,139快线(金山公交总站--马尾青洲公交总站),bus,38,38,19.0,kept_special,
bus_line_350100010405,15路(鳌峰洲公交总站--洪山桥西公交总站),bus,77,77,12.0,kept,
bus_line_350100010406,15路(洪山桥西公交总站--鳌峰洲公交总站),bus,77,77,12.0,kept,
bus_line_350100010407,19路(尤溪洲(东)停车场--上柳路北),bus,216,216,4.0,kept,
bus_line_350100010408,19路(上柳路北--尤溪洲(东)停车场),bus,111,111,8.0,kept,
bus_line_350100010413,空港快线锦颐大酒店专线(锦颐大酒店--福州机场站),bus,23,23,45.0,kept_special,
bus_line_350100010416,空港快线锦颐大酒店专线(福州机场站--空港快线锦颐酒店站),bus,23,23,45.0,kept_special,
bus_line_350100010423,321路(远东丽景公交站--公交大学城总站),bus,160,160,5.0,kept,
bus_line_350100010424,321路(公交大学城总站--远东丽景公交站),bus,102,102,10.0,kept,
bus_line_350100010427,153路(敬老线路)(西园公交总站--金融街万达广场(曙光路)),bus,51,51,16.0,kept,
bus_line_350100010428,153路(敬老线路)(金融街万达广场(曙光路)--西园公交总站),bus,51,51,16.0,kept,
bus_line_350100010429,156路(海峡奥体公交枢纽站--龙福机电交易市场),bus,83,83,10.0,kept,
bus_line_350100010430,156路(龙福机电交易市场--海峡奥体公交枢纽站),bus,45,45,18.0,kept,
bus_line_350100010433,157路(福建理工大学--东升小区),bus,102,102,10.0,kept,
bus_line_350100010434,157路(东升小区--福建理工大学),bus,102,102,10.0,kept,
bus_line_350100010435,155路(火车南站西广场--海峡汽车文化广场),bus,47,47,13.0,kept,
bus_line_350100010436,155路(海峡汽车文化广场--火车南站东广场),bus,102,102,10.0,kept,
bus_line_350100010437,150路(公交大学城西停车场--尤溪洲(西)公交站),bus,111,111,7.0,kept,
bus_line_350100010438,150路(尤溪洲(西)公交站--公交大学城西停车场),bus,102,102,10.0,kept,
bus_line_350100010439,163路(洪塘公交总站--东部办公区),bus,42,42,18.0,kept,
bus_line_350100010440,163路(东部办公区--洪塘公交总站),bus,46,46,18.0,kept,
bus_line_350100010489,322路(东山新苑公交站--福道5号口),bus,124,124,7.0,kept,
bus_line_350100010490,322路(福道5号口--东山新苑公交站),bus,70,70,13.0,kept,
bus_line_350100010491,171路(敬老线路)(旗山万佛寺--公交仁德站),bus,45,45,17.0,kept,
bus_line_350100010492,169路(敬老线路)(尤溪洲(东)停车场--东山新苑公交站),bus,45,45,19.0,kept,
bus_line_350100010493,171路(敬老线路)(公交仁德站--旗山万佛寺),bus,45,45,17.0,kept,
bus_line_350100010494,169路(敬老线路)(东山新苑公交站--尤溪洲(东)停车场),bus,45,45,19.0,kept,
bus_line_350100010495,47路(曙光支路东站--金山公交总站),bus,61,61,14.0,kept,
bus_line_350100010496,47路(金山公交总站--曙光支路东),bus,61,61,14.0,kept,
bus_line_350100010501,161路(福新公交枢纽站--火车南站东广场),bus,103,103,7.0,kept,
bus_line_350100010502,161路(火车南站西广场--湖塘村),bus,55,55,14.0,kept,
bus_line_350100010503,162路(市妇幼保健院门诊楼--廨院公交总站),bus,45,45,17.0,kept,
bus_line_350100010504,158路(金山金桔站--软件园鲲鹏大厦),bus,50,50,17.0,kept,
bus_line_350100010505,158路(软件园鲲鹏大厦--金山金桔站),bus,50,50,17.0,kept,
bus_line_350100010506,168路(公交大学城总站--金牛山公园),bus,42,39,27.0,densified,20.0
bus_line_350100010507,168路(金牛山公园--公交大学城总站),bus,102,102,10.0,kept,
bus_line_350100010508,167路(火车南站西广场--金山公交总站),bus,116,116,7.0,kept,
bus_line_350100010509,162路(廨院公交总站--市妇幼保健院门诊楼),bus,45,45,17.0,kept,
bus_line_350100010510,167路(金山公交总站--火车南站东广场),bus,63,63,14.0,kept,
bus_line_350100010511,170路(快安公交站--火车站北广场),bus,47,47,17.0,kept,
bus_line_350100010512,170路(火车站北广场--快安公交站),bus,102,102,10.0,kept,
bus_line_350100010513,137路(马尾青洲公交总站--高湖友谊路口),bus,79,79,11.0,kept,
bus_line_350100010514,137路(高湖友谊路口--马尾青洲公交总站),bus,79,79,11.0,kept,
bus_line_350100010516,160路(火车站南广场--动物园),bus,49,49,17.0,kept,
bus_line_350100010517,160路(动物园--火车站南广场),bus,49,49,17.0,kept,
bus_line_350100010518,127路(汤畲--教院二附中),bus,81,81,11.0,kept,
bus_line_350100010519,127路(教院二附中--汤畲),bus,80,80,11.0,kept,
bus_line_350100010523,166路(敬老线路)(坂中村--湖塘村),bus,46,46,18.0,kept,
bus_line_350100010586,707路(闽侯客运中心--鸿尾客运站),bus,23,38,30.0,densified,20.0
bus_line_350100010587,707路(鸿尾客运站--闽侯客运中心),bus,25,40,30.0,densified,20.0
bus_line_350100010598,149路(尤溪洲(西)公交站--海峡汽车文化广场),bus,54,54,16.0,kept,
bus_line_350100010599,149路(海峡汽车文化广场--尤溪洲(西)公交站),bus,53,53,16.0,kept,
bus_line_350100010617,26路(秀宅路--公交大学城总站),bus,98,98,9.0,kept,
bus_line_350100010618,26路(公交大学城总站--秀宅路),bus,102,102,10.0,kept,
bus_line_350100010619,159路(公交仁德站--义井公交总站),bus,89,89,9.0,kept,
bus_line_350100010620,159路(义井公交总站--公交仁德站),bus,47,47,19.0,kept,
bus_line_350100010622,183路快线(敬老线路)(火车站北广场--公交大学城总站),bus,41,41,19.0,kept_special,
bus_line_350100010623,183路快线(敬老线路)(公交大学城总站--火车站北广场),bus,41,41,19.0,kept_special,
bus_line_350100010624,179路(公交仁德站--海峡颐乐园),bus,20,36,44.0,densified,20.0
bus_line_350100010625,179路(海峡颐乐园--公交仁德站),bus,16,36,45.0,densified,20.0
bus_line_350100010628,32路(金山公交总站--闽侯青岐公交总站),bus,24,41,35.0,densified,20.0
bus_line_350100010629,32路(闽侯青岐公交总站--金山公交总站),bus,24,41,35.0,densified,20.0
bus_line_350100010688,180路(琅岐公交总站--马尾青洲公交总站),bus,104,104,8.0,kept,
bus_line_350100010689,180路(马尾青洲公交总站--琅岐公交总站),bus,102,102,10.0,kept,
bus_line_350100010690,176路(敬老线路)(火车南站西广场--公交大学城总站),bus,49,49,17.0,kept,
bus_line_350100010691,176路(敬老线路)(公交大学城总站--火车南站东广场),bus,49,49,17.0,kept,
bus_line_350100010692,212路快线(芝山站--海峡奥体公交枢纽站),bus,4,4,125.0,kept_special,
bus_line_350100010693,212路快线(海峡奥体公交枢纽站--芝山),bus,102,102,10.0,kept_special,
bus_line_350100010728,空港快线阿弥陀佛大饭店专线(金山正祥--空港快线长乐机场站),bus,23,23,45.0,kept_special,
bus_line_350100010729,空港快线阿弥陀佛大饭店专线(空港快线长乐机场站--空港快线金山正祥站),bus,23,23,45.0,kept_special,
bus_line_350100010731,606路(闽侯客运中心--关西村里王),bus,27,36,28.0,densified,20.0
bus_line_350100010732,606路(关西村里王--闽侯客运中心),bus,26,36,28.0,densified,20.0
bus_line_350100010734,527路(森林公园站--火车站北广场),bus,42,42,19.0,kept,
bus_line_350100010737,172路(高新大道--左海公园西门),bus,45,45,18.0,kept,
bus_line_350100010738,178路(马尾青洲公交总站--火车站南广场),bus,58,58,11.0,kept,
bus_line_350100010739,178路(火车站南广场--马尾青洲公交总站),bus,30,40,29.0,densified,20.0
bus_line_350100010742,327路(福建理工大学鼓山校区--福建理工大学),bus,179,179,5.0,kept,
bus_line_350100010743,327路(福建理工大学--福建理工大学鼓山校区(北行)),bus,102,102,10.0,kept,
bus_line_350100010761,148路(海峡奥体公交枢纽站--大樟村),bus,51,51,14.0,kept,
bus_line_350100010762,148路(大樟村--海峡奥体公交枢纽站),bus,50,50,14.0,kept,
bus_line_350100010767,172路(左海公园西门--高新海西中科院东门),bus,45,45,18.0,kept,
bus_line_350100010779,177路(福州温泉博物馆--公交海峡国际会展中心西站),bus,49,49,17.0,kept,
bus_line_350100010780,177路(公交海峡国际会展中心西站--福州温泉博物馆),bus,52,52,17.0,kept,
bus_line_900000000888,173路(王庄公交总站--高新海西中科院东门),bus,45,45,18.0,kept,
bus_line_900000000889,173路(高新大道--王庄公交总站),bus,45,45,18.0,kept,
bus_line_900000025642,83路(火车南站西广场--公交仁德站),bus,72,72,12.0,kept,
bus_line_900000028084,607路(三叠井--闽侯客运中心),bus,27,37,31.0,densified,20.0
bus_line_900000028085,711路(大义--龙福机电交易市场),bus,28,42,30.0,densified,20.0
bus_line_900000028087,711路(龙福机电交易市场--大义),bus,26,43,30.0,densified,20.0
bus_line_900000028092,607路(闽侯客运中心--三叠井),bus,102,102,10.0,kept,
bus_line_900000029831,贵安旅游2号专线(汽车南站)(贵安新天地--尤溪洲(西)公交站),bus,46,46,19.0,kept_special,
bus_line_900000029832,贵安旅游2号专线(尤溪洲(西)公交站--贵安新天地),bus,42,42,20.0,kept_special,
bus_line_900000030076,323路快线(公交大学城总站--火车站南广场),bus,42,42,19.0,kept_special,
bus_line_900000030077,323路快线(火车站南广场--公交大学城总站),bus,42,42,19.0,kept_special,
bus_line_900000030782,182路(敬老线路)(火车站北广场--动物园),bus,43,43,17.0,kept,
bus_line_900000030783,182路(敬老线路)(动物园--火车站北广场),bus,43,43,17.0,kept,
bus_line_900000034476,樟13路(金山公交站--永泰动车站),bus,64,64,12.0,kept,
bus_line_900000035847,樟13路(永泰动车站--金山公交总站),bus,64,64,12.0,kept,
bus_line_900000037276,325路(桔园洲港湾站--公交福湾站),bus,58,58,14.0,kept,
bus_line_900000037277,325路(公交福湾站--桔园洲港湾站),bus,58,58,14.0,kept,
bus_line_900000042667,35路(敬老线路)(三江口地铁站--地铁葫芦阵),bus,64,64,14.0,kept,
bus_line_900000042668,35路(敬老线路)(地铁葫芦阵--三江口地铁站),bus,64,64,14.0,kept,
bus_line_900000042908,905路(招呼站--闽侯客运中心),bus,16,39,56.0,densified,20.0
bus_line_900000042976,185路快线(火车站北广场--闽侯青岐公交总站),bus,85,85,10.0,kept_special,
bus_line_900000043495,185路快线(闽侯青岐公交总站--火车站北广场),bus,44,44,18.0,kept_special,
bus_line_900000045849,537路(顺华乌龙江大区--尤溪洲(东)停车场),bus,95,95,9.0,kept,
bus_line_900000045850,537路(尤溪洲(东)停车场--顺华乌龙江大区),bus,102,102,10.0,kept,
bus_line_900000046046,187路(敬老线路)(远东丽景公交站--警森苑),bus,46,46,18.0,kept,
bus_line_900000046047,187路(敬老线路)(警森苑--远东丽景公交站),bus,46,46,18.0,kept,
bus_line_900000046206,905路(闽侯客运中心--上岐村朱厝顶),bus,102,102,10.0,kept,
bus_line_900000048928,538路(金牛山公园--大佳社区),bus,87,87,10.0,kept,
bus_line_900000048929,538路(大佳社区--金牛山公园),bus,44,44,19.0,kept,
bus_line_900000049348,186路快线(敬老线路)(福晟钱隆樽品--公交海峡国际会展中心东站),bus,41,41,19.0,kept_special,
bus_line_900000049349,186路快线(敬老线路)(公交海峡国际会展中心东站--福晟钱隆樽品),bus,41,41,19.0,kept_special,
bus_line_900000049875,328路(森林公园--鳌峰洲公交总站),bus,98,98,9.0,kept,
bus_line_900000049876,328路(鳌峰洲公交总站--森林公园),bus,51,51,16.0,kept,
bus_line_900000055195,空港快线三坊七巷专线(三坊七巷(营房里)--空港快线长乐机场站),bus,23,23,45.0,kept_special,
bus_line_900000055347,188路(敬老线路)(公交海峡国际会展中心东站--利嘉国际商业城12号馆),bus,51,51,18.0,kept,
bus_line_900000055360,188路(敬老线路)(利嘉国际商业城12号馆--公交海峡国际会展中心东站),bus,51,51,18.0,kept,
bus_line_900000061052,765路(甘蔗广场--青口公交总站),bus,22,40,42.0,densified,20.0
bus_line_900000061053,765路(青口公交总站--甘蔗广场),bus,22,40,42.0,densified,20.0
bus_line_900000062588,190路(敬老线路)(东部办公区(南社二路)--金山公交总站),bus,43,43,19.0,kept,
bus_line_900000062593,190路(敬老线路)(金山公交总站--东部办公区),bus,43,43,19.0,kept,
bus_line_900000071085,196路(火车站北广场--桂山),bus,46,46,18.0,kept,
bus_line_900000071088,空港快线怡山梅园专线(空港快线怡山梅园站--空港快线长乐机场站),bus,23,23,45.0,kept_special,
bus_line_900000071089,空港快线怡山梅园专线(空港快线长乐机场站--空港快线怡山梅园站),bus,23,23,45.0,kept_special,
bus_line_900000071234,贵安旅游6号线(义井公交总站--福州理工学院),bus,25,25,29.0,kept_special,
bus_line_900000071235,贵安旅游6号线(福州理工学院--义井公交总站),bus,25,25,29.0,kept_special,
bus_line_900000074912,空港快线仓山师大专线(仓山师大--空港快线长乐机场站),bus,23,23,45.0,kept_special,
bus_line_900000074913,空港快线仓山师大专线(空港快线长乐机场站--仓山师大),bus,16,16,45.0,kept_special,
bus_line_900000076998,529路(福建商学院马尾校区--廨院公交总站),bus,80,80,9.0,kept,
bus_line_900000076999,529路(廨院公交总站--福建商学院马尾校区),bus,102,102,10.0,kept,
bus_line_900000077426,贵安旅游7号专线(火车站南广场)(火车站南广场站--贵安新天地站),bus,94,94,10.0,kept_special,
bus_line_900000077427,贵安旅游7号专线(火车站南广场)(贵安新天地--火车站南广场),bus,42,42,20.0,kept_special,
bus_line_900000077842,197路(福新公交枢纽站--奥体路公交总站),bus,46,46,18.0,kept,
bus_line_900000077843,197路(奥体路公交总站--高意),bus,46,46,18.0,kept,
bus_line_900000079599,332路(斗顶--后屿福光路口),bus,52,52,16.0,kept,
bus_line_900000079724,530路(船政路西--马尾青洲公交总站),bus,44,44,19.0,kept,
bus_line_900000079725,530路(马尾青洲公交总站--船政路西),bus,76,76,12.0,kept,
bus_line_900000079728,532路(船政路西--马尾青洲公交总站),bus,98,98,8.0,kept,
bus_line_900000079729,532路(马尾青洲公交总站--船政路西),bus,76,76,12.0,kept,
bus_line_900000080066,M1路(福州保税区--快安公交站),bus,122,122,7.0,kept,
bus_line_900000080067,M1路(快安公交站--福州保税区),bus,63,63,12.0,kept,
bus_line_900000080691,东部14号线(北环专线)(东部办公区--天泉路口),bus,41,41,19.0,kept_special,
bus_line_900000080692,东部14号线(北环专线)(市刑侦支队--东部办公区),bus,41,41,19.0,kept_special,
bus_line_900000080693,东部15号线(北环专线)(北尚新宿小区--东部办公区),bus,102,102,10.0,kept_special,
bus_line_900000080723,东部15号线(北环专线)(东部办公区--北尚新宿小区),bus,41,41,19.0,kept_special,
bus_line_900000081248,200路(金山公交总站--软件园公交总站),bus,47,47,18.0,kept,
bus_line_900000081249,200路(软件园公交总站--金山公交总站),bus,47,47,18.0,kept,
bus_line_900000081546,东部20号线(白湖亭--东部办公区),bus,2,32,605.0,densified,20.0
bus_line_900000081547,东部20号线(东部办公区--白湖亭),bus,2,32,605.0,densified,20.0
bus_line_900000082325,201路(鼓山公交总站--马尾琅岐码头),bus,13,38,70.0,densified,20.0
bus_line_900000082326,201路(马尾琅岐码头--鼓山公交总站),bus,102,102,10.0,kept,
bus_line_900000082435,331路(火车站北广场--桂湖公交站),bus,63,63,11.0,kept,
bus_line_900000082436,331路(桂湖公交站--火车站北广场),bus,102,102,10.0,kept,
bus_line_900000083059,335路(潭桥公交总站--尤溪洲(东)停车场),bus,99,99,9.0,kept,
bus_line_900000083060,335路(尤溪洲(东)停车场--潭桥公交总站),bus,53,53,17.0,kept,
bus_line_900000088182,199路(敬老线路)(地铁葫芦阵站--长乐下洋),bus,50,50,18.0,kept,
bus_line_900000088183,199路(敬老线路)(长乐下洋--地铁葫芦阵站),bus,49,49,18.0,kept,
bus_line_900000088960,518路支线(闽侯客运中心--榕东村委),bus,27,40,31.0,densified,20.0
bus_line_900000088961,518路支线(榕东村委--闽侯客运中心),bus,102,102,10.0,kept,
bus_line_900000094001,336路(高新大道--公交仁德站),bus,72,72,9.0,kept,
bus_line_900000094002,336路(公交仁德站--高新海西中科院东门),bus,102,102,10.0,kept,
bus_line_900000094157,333路(鳌峰洲公交总站--潭桥公交总站),bus,121,121,6.0,kept,
bus_line_900000094158,333路(潭桥公交总站--鳌峰洲公交总站),bus,66,66,14.0,kept,
bus_line_900000096029,202路(福新公交枢纽站--仁山路利嘉国际商业城),bus,106,106,7.0,kept,
bus_line_900000096030,202路(仁山路利嘉国际商业城--湖塘村),bus,55,55,16.0,kept,
bus_line_900000097079,贵安旅游8号专线(贵安新天地--火车站北广场),bus,90,90,9.0,kept_special,
bus_line_900000097080,贵安旅游8号专线(火车站北广场--贵安新天地),bus,42,42,20.0,kept_special,
bus_line_900000097471,381路(地铁安平站--福建商学院连江校区),bus,41,41,15.0,kept,
bus_line_900000097472,381路(福建商学院连江校区--地铁安平站),bus,37,37,19.0,kept,
bus_line_900000097540,380路(连江汽车站--福新公交总站),bus,53,53,15.0,kept,
bus_line_900000097541,380路(福新公交枢纽站--连江汽车站),bus,50,50,15.0,kept,
bus_line_900000098953,东部26号线(卫生厅专线)(省卫健委--东部办公区),bus,102,102,10.0,kept_special,
bus_line_900000098954,东部26号线(卫生厅专线)(东部办公区--省卫健委),bus,41,41,19.0,kept_special,
bus_line_900000099354,337路(利嘉自贸区--洪塘公交总站),bus,100,100,8.0,kept,
bus_line_900000099355,337路(洪塘公交总站--利嘉自贸区),bus,54,54,18.0,kept,
bus_line_900000100320,东部25号线(厚美村--东部办公区),bus,74,74,12.0,kept,
bus_line_900000100321,东部25号线(东部办公区--厚美村),bus,74,74,12.0,kept,
bus_line_900000103910,205路(义序公交综合车场--霞洲路),bus,110,110,7.0,kept,
bus_line_900000103911,205路(霞洲路--义序公交综合车场),bus,59,59,15.0,kept,
bus_line_900000104187,东部6号线(西门专线)(西门--东部办公区),bus,41,41,19.0,kept_special,
bus_line_900000104375,东部4号线(东部办公区--西门),bus,80,80,11.0,kept,
bus_line_900000106362,338路(义井公交总站--得贵路),bus,96,96,9.0,kept,
bus_line_900000106363,338路(得贵路--义井公交总站),bus,52,52,16.0,kept,
bus_line_900000107418,339路(尤溪洲(东)停车场--三坊七巷(澳门路)),bus,50,50,16.0,kept,
bus_line_900000107419,339路(三坊七巷(澳门路)--尤溪洲(东)停车场),bus,50,50,16.0,kept,
bus_line_900000112774,捷坂线(捷坂--新店永辉),bus,47,47,14.0,kept,
bus_line_900000112868,20路夜间区间车(火车站北广场--公交仁德站),bus,12,12,20.0,kept_special,
bus_line_900000114300,681路(福州外语外贸学院--龙福机电交易市场),bus,31,43,25.0,densified,20.0
bus_line_900000114301,681路(龙福机电交易市场--福州外语外贸学院),bus,28,45,30.0,densified,20.0
bus_line_900000118761,地铁接驳1号专线(金山浦上公交枢纽站--市军休中心),bus,53,53,16.0,kept_special,
bus_line_900000118762,地铁接驳1号专线(市军休中心--金山浦上公交枢纽站),bus,52,52,16.0,kept_special,
bus_line_900000118768,地铁接驳2号专线(洪塘公交总站--省立医院南院),bus,2,2,30.0,kept_special,
bus_line_900000118769,地铁接驳2号专线(省立医院南院--洪塘公交总站),bus,2,2,30.0,kept_special,
bus_line_900000121692,382路(火车站北广场--连江汽车站),bus,46,46,15.0,kept,
bus_line_900000122166,382路(连江汽车站--火车站北广场),bus,47,47,15.0,kept,
bus_line_900000122233,M2路(火车南站西广场--马尾青洲公交总站),bus,100,100,8.0,kept,
bus_line_900000122234,M2路(马尾青洲公交总站--火车南站东广场),bus,105,105,9.0,kept,
bus_line_900000125029,M3路(鼓山公交总站--马尾青洲公交总站),bus,126,126,8.0,kept,
bus_line_900000125030,M3路(马尾青洲公交总站--鼓山公交总站),bus,72,72,13.0,kept,
bus_line_900000125548,地铁接驳5号专线(桔园洲港湾站--淮安高沙),bus,52,52,16.0,kept_special,
bus_line_900000125708,351路(王庄公交总站--利嘉自贸区),bus,115,115,8.0,kept,
bus_line_900000125709,351路(利嘉自贸区--王庄公交总站),bus,69,69,13.0,kept,
bus_line_900000126889,东部22号线(工作日班车)(东部办公区--融信第一城),bus,73,73,13.0,kept,
bus_line_900000127824,57路区间(连坂村--连坂村),bus,49,49,16.0,kept_special,
bus_line_900000128846,地铁接驳8号专线(奥体路公交总站--金山体育场),bus,114,114,5.0,kept_special,
bus_line_900000128847,地铁接驳8号专线(金山体育场--奥体路公交总站),bus,60,60,9.0,kept_special,
bus_line_900000133373,332路(福新公交枢纽站--斗顶),bus,52,52,16.0,kept,
bus_line_900000139138,东部13号线(鹤林新城专线)(公交鹤林站--东部办公区),bus,2,2,625.0,kept_special,
bus_line_900000139514,352路(敬老线路)(公交福湾站--金山浦上公交枢纽站),bus,53,53,15.0,kept,
bus_line_900000139515,352路(敬老线路)(金山浦上公交枢纽站--公交福湾站),bus,53,53,15.0,kept,
bus_line_900000139516,地铁接驳15号专线(省幼儿高专--上藤地铁口),bus,103,103,8.0,kept_special,
bus_line_900000139517,地铁接驳15号专线(上藤地铁口站--省幼儿高专站),bus,55,55,17.0,kept_special,
bus_line_900000140680,353路(尤溪洲(东)停车场--公交海峡国际会展中心东站),bus,110,110,9.0,kept,
bus_line_900000140681,353路(公交海峡国际会展中心东站--尤溪洲(东)停车场),bus,55,55,15.0,kept,
bus_line_900000140953,地铁接驳17号专线(省人才公寓--火车站北广场),bus,4,4,30.0,kept_special,
bus_line_900000140954,地铁接驳17号专线(火车站北广场--省人才公寓),bus,4,4,30.0,kept_special,
bus_line_900000140959,地铁接驳18号专线(敬老线路)(天御城--王庄公交总站),bus,4,4,30.0,kept_special,
bus_line_900000140960,地铁接驳18号专线(敬老线路)(王庄公交总站--天御城),bus,4,4,30.0,kept_special,
bus_line_900000144206,高峰快线1路(青年广场--马尾青洲公交总站),bus,3,3,625.0,kept_special,
bus_line_900000144207,高峰快线1路(马尾青洲公交总站--青年广场),bus,2,2,25.0,kept_special,
bus_line_900000144208,高峰快线2路(台江广场--青口公交总站),bus,5,5,45.0,kept_special,
bus_line_900000144209,高峰快线2路(青口公交总站--台江广场),bus,102,102,10.0,kept_special,
bus_line_900000144210,高峰快线3路(闽侯青岐公交总站--尤溪洲(西)公交站),bus,4,4,20.0,kept_special,
bus_line_900000144827,地铁接驳21号专线(竹楼--火车南站东广场),bus,42,42,25.0,kept_special,
bus_line_900000144828,地铁接驳21号专线(火车南站西广场--竹楼),bus,42,42,20.0,kept_special,
bus_line_900000145013,东部1号线(东部办公区--公交仁德站),bus,2,33,625.0,densified,20.0
bus_line_900000145293,地铁接驳22号专线(敬老线路)(台江体育公园--鼓四村),bus,53,53,16.0,kept_special,
bus_line_900000145294,地铁接驳22号专线(敬老线路)(盛辉大厦--台江体育公园),bus,53,53,16.0,kept_special,
bus_line_900000146201,东部7号线(洪山梁厝专线)(九〇〇分院--东部办公区),bus,41,41,19.0,kept_special,
bus_line_900000146207,东部8号线(洪山梁厝专线)(福道6号口站--东部办公区),bus,2,2,635.0,kept_special,
bus_line_900000146209,东部31号线(保福专线)(保福--东部办公区),bus,41,41,19.0,kept_special,
bus_line_900000146212,东部28号线(福道6号口--东部办公区),bus,86,86,11.0,kept,
bus_line_900000146272,东部33号线(海峡妇女儿童中心--东部办公区),bus,3,34,646.0,densified,20.0
bus_line_900000146903,地铁接驳23号专线(潭桥公交总站--王庄公交总站),bus,144,144,5.0,kept_special,
bus_line_900000146904,地铁接驳23号专线(王庄公交总站--潭桥公交总站),bus,61,61,9.0,kept_special,
bus_line_900000146905,通勤快线2路(滨城民俗路口站--软件园公交总站),bus,10,10,10.0,kept_special,
bus_line_900000146906,通勤快线2路(软件园公交总站--滨城民俗路口站),bus,5,5,9.0,kept_special,
bus_line_900000146909,通勤快线4路(金港路口--软件园公交总站),bus,18,18,15.0,kept_special,
bus_line_900000146910,通勤快线4路(软件园公交总站--金港路口),bus,18,18,15.0,kept_special,
bus_line_900000146927,高峰快线6路(马尾步行街站--公交仁德站),bus,4,4,10.0,kept_special,
bus_line_900000146928,高峰快线6路(公交仁德站--马尾步行街站),bus,3,3,640.0,kept_special,
bus_line_900000148759,355路快线(火车站南广场--琅岐公交总站),bus,46,46,20.0,kept_special,
bus_line_900000148762,355路快线(琅岐公交总站--火车站南广场),bus,102,102,10.0,kept_special,
bus_line_900000148866,通勤快线1路(天泉路口--福建省档案馆(建平村)),bus,2,2,510.0,kept_special,
bus_line_900000148867,通勤快线1路(福建省档案馆(建平村)--天泉路口),bus,42,42,20.0,kept_special,
bus_line_900000149278,东部8号线(洪山梁厝专线)(东部办公区--福道7号口),bus,87,87,11.0,kept_special,
bus_line_900000149554,东部31号线(保福专线)(东部办公区--保福),bus,41,41,19.0,kept_special,
bus_line_900000149864,东部28号线(东部办公区--福道7号口),bus,86,86,11.0,kept,
bus_line_900000152292,602路(工业区二期路口--闽侯客运中心),bus,29,38,28.0,densified,20.0
bus_line_900000153779,206路快线(鳌峰洲公交总站--海峡冻品批发市场),bus,87,87,10.0,kept_special,
bus_line_900000153780,206路快线(海峡冻品批发市场--鳌峰洲公交总站),bus,102,102,10.0,kept_special,
bus_line_900000157129,356路(省妇幼保健院--横屿公交枢纽站),bus,103,103,8.0,kept,
bus_line_900000157130,356路(横屿公交枢纽站--省妇幼保健院),bus,54,54,15.0,kept,
bus_line_900000157702,地铁接驳24号专线(三江口植物园--下洋地铁站),bus,51,51,16.0,kept_special,
bus_line_900000157703,地铁接驳24号专线(下洋地铁站--三江口植物园),bus,51,51,16.0,kept_special,
bus_line_900000160846,761路(县法院--地铁苏洋站),bus,75,75,11.0,kept,
bus_line_900000160847,761路(地铁苏洋站--县法院),bus,102,102,10.0,kept,
bus_line_900000161215,通勤快线8路(公交仁德站--省疾控中心),bus,4,4,30.0,kept_special,
bus_line_900000161216,通勤快线8路(省疾控中心--公交仁德站),bus,2,2,30.0,kept_special,
bus_line_900000161271,东部29号线(马尾专线)(东部办公区--马尾青洲公交总站),bus,2,2,641.0,kept_special,
bus_line_900000161666,M5路(魁岐佳园--船坞边路),bus,66,66,11.0,kept,
bus_line_900000161667,M5路(船坞边路--魁岐佳园),bus,66,66,11.0,kept,
bus_line_900000161723,180路区间(马尾青洲公交总站--猴屿乡政府),bus,6,6,90.0,kept_special,
bus_line_900000161724,180路区间(猴屿乡政府--马尾青洲公交总站),bus,102,102,10.0,kept_special,
bus_line_900000166343,193路(淮安公交总站--软件园公交总站),bus,42,42,15.0,kept,
bus_line_900000166344,193路(软件园公交总站--淮安公交总站),bus,21,34,29.0,densified,20.0
bus_line_900000166891,通勤快线9路(省委党校小柳校区--省委党校新校区),bus,6,6,30.0,kept_special,
bus_line_900000166892,通勤快线9路(省委党校新校区--省委党校小柳校区),bus,42,42,20.0,kept_special,
bus_line_900000166947,194路(附一医院奥体院区--岭后街),bus,74,74,11.0,kept,
bus_line_900000166948,194路(岭后街--附一医院奥体院区),bus,41,41,19.0,kept,
bus_line_900000167351,7686路船政文化城旅游专线(三坊七巷(澳门路)--马尾青洲公交总站),bus,6,6,90.0,kept_special,
bus_line_900000167352,7686路船政文化城旅游专线(马尾青洲公交总站--三坊七巷(澳门路)),bus,3,3,210.0,kept_special,
bus_line_900000169184,通勤快线5路(省少管所(窗厦)--检察官学院(岭下)),bus,2,2,590.0,kept_special,
bus_line_900000169185,通勤快线5路(检察官学院(岭下)--省少管所(窗厦)),bus,42,42,20.0,kept_special,
bus_line_900000169358,207路(火车站北广场(东侧候车处)--闽侯六中),bus,48,48,17.0,kept,
bus_line_900000169359,207路(闽侯六中--火车站北广场),bus,48,48,17.0,kept,
bus_line_900000169563,383路快线(连江汽车站--闽运汽车北站),bus,41,41,19.0,kept_special,
bus_line_900000169564,383路快线(闽运汽车北站--连江汽车站),bus,41,41,19.0,kept_special,
bus_line_900000170681,763路快线(火车南站西广场--福建农业职业技术学院),bus,54,54,17.0,kept_special,
bus_line_900000170682,763路快线(福建农业职业技术学院--火车南站东广场),bus,102,102,10.0,kept_special,
bus_line_900000172638,通勤快线12路(省妇幼保健院--上柳路北),bus,18,18,15.0,kept_special,
bus_line_900000172639,通勤快线12路(上柳路北--省妇幼保健院),bus,18,18,15.0,kept_special,
bus_line_900000173281,通勤快线13路(齐安公交总站--一都镇状元街),bus,18,18,15.0,kept_special,
bus_line_900000173282,通勤快线13路(一都镇状元街--齐安公交总站),bus,18,18,15.0,kept_special,
bus_line_900000173534,地铁接驳26号专线(福州商贸职专--城门),bus,37,37,13.0,kept_special,
bus_line_900000173535,地铁接驳26号专线(城门--福州商贸职专),bus,19,19,28.0,kept_special,
bus_line_900000173976,通勤快线11路(软件园鲲鹏大厦--晋安体育馆),bus,4,4,45.0,kept_special,
bus_line_900000173977,通勤快线11路(晋安体育馆--软件园鲲鹏大厦),bus,2,2,45.0,kept_special,
bus_line_900000174899,通学专线1路(公交福湾站--仓山区实验中学),bus,16,16,20.0,kept_special,
bus_line_900000174900,通学专线1路(仓山区实验中学--公交福湾站),bus,16,16,20.0,kept_special,
bus_line_900000175764,357路(仙宗禅寺--白湖亭),bus,46,46,15.0,kept,
bus_line_900000175765,357路(白湖亭地铁站D口--仙宗禅寺),bus,46,46,15.0,kept,
bus_line_900000175766,358路快线(东南国际建材城--尤溪洲(东)停车场),bus,35,35,19.0,kept_special,
bus_line_900000175767,358路快线(尤溪洲(东)停车场--东南国际建材城),bus,35,35,19.0,kept_special,
bus_line_900000175768,359路(市妇幼保健院门诊楼--金山公交总站),bus,53,53,15.0,kept,
bus_line_900000175769,359路(金山公交总站--市妇幼保健院门诊楼),bus,53,53,15.0,kept,
bus_line_900000175770,通勤快线15路(茶会小区--芯园路西),bus,6,6,80.0,kept_special,
bus_line_900000175771,通勤快线15路(芯园路西--茶会小区),bus,42,42,20.0,kept_special,
bus_line_900000181437,707路支线(闽侯客运中心--鸿尾村下堂),bus,31,41,27.0,densified,20.0
bus_line_900000181438,707路支线(鸿尾村下堂--闽侯客运中心),bus,102,102,10.0,kept,
bus_line_900000181867,滨海十二号线(漳港--火车南站),bus,67,67,14.0,kept,
bus_line_900000182671,地铁接驳6号专线(华威花花世界--东斗),bus,51,51,16.0,kept_special,
bus_line_900000182672,地铁接驳6号专线(东斗--华威花花世界),bus,52,52,16.0,kept_special,
bus_line_900000183431,通勤快线16路(金山地铁站D口--软件园公交总站),bus,4,4,30.0,kept_special,
bus_line_900000183432,通勤快线16路(软件园公交总站--金山地铁站D口),bus,2,2,30.0,kept_special,
bus_line_900000183715,58路区间(马尾青洲公交总站--万科紫台),bus,62,62,16.0,kept_special,
bus_line_900000183716,58路区间(万科紫台--马尾青洲公交总站),bus,62,62,16.0,kept_special,
bus_line_900000186777,永泰旅游专线(闽运线)(香米拉酒店--西二环配客站),bus,34,34,22.0,kept_special,
bus_line_900000186785,马尾快线3号线(屏东--海军医院),bus,102,102,10.0,kept_special,
bus_line_900000186795,永泰旅游专线(闽运线)(苏宁广场--香米拉酒店),bus,35,35,22.0,kept_special,
bus_line_900000187569,358路区间(砂之船小镇5号门--福大东门),bus,59,59,15.0,kept_special,
bus_line_900000187570,358路区间(福大东门--砂之船小镇5号门),bus,59,59,15.0,kept_special,
bus_line_900000189726,767路(闽江一号--闽侯客运中心),bus,21,39,42.0,densified,20.0
bus_line_900000189727,767路(闽侯客运中心--闽江一号),bus,21,39,42.0,densified,20.0
bus_line_900000191300,210路(青口后福公交总站--新后坂停车场),bus,35,43,23.0,densified,20.0
bus_line_900000191301,210路(地铁葫芦阵(东侧)--青口后福公交总站),bus,102,102,10.0,kept,
bus_line_900000192611,马尾快线3号线(马尾区图书馆--屏东),bus,41,41,19.0,kept_special,
bus_line_900000192614,716路(上岐村朱厝顶--白沙),bus,18,30,25.0,densified,20.0
bus_line_900000192900,211路(泉头路西(南侧)--地铁象峰站),bus,122,122,6.0,kept,
bus_line_900000192901,211路(地铁象峰站--泉头路西(南侧)),bus,63,63,13.0,kept,
bus_line_900000193359,766路(闽侯经开区管委会--大数据科技园),bus,21,38,42.0,densified,20.0
bus_line_900000193360,766路(大数据科技园--闽侯经开区管委会),bus,20,36,42.0,densified,20.0
bus_line_900000193763,通勤快线18路(鹤林新城--桐南村),bus,2,2,580.0,kept_special,
bus_line_900000193764,通勤快线18路(桐南村--鹤林新城),bus,42,42,20.0,kept_special,
bus_line_900000194352,马尾快线4号线(海军医院(马尾快线停车场)--文化宫),bus,3,3,637.0,kept_special,
bus_line_900000195062,东部23号线(左海公园西门--东部办公区(石碑兜)),bus,73,73,13.0,kept,
bus_line_900000196463,通学专线4路(淮安会议中心--正祥香槟风范),bus,16,16,20.0,kept_special,
bus_line_900000198627,东部36号专线(东部办公区--中溪),bus,41,41,19.0,kept_special,
bus_line_900000200434,马尾快线5号线(华林高架--海军医院),bus,41,41,19.0,kept_special,
bus_line_900000200435,马尾快线5号线(海军医院--华林高架),bus,41,41,19.0,kept_special,
bus_line_900000204072,通勤快线20路(满洋路--地铁新店车辆基地),bus,5,5,17.0,kept_special,
bus_line_900000204073,通勤快线20路(地铁新店车辆基地--满洋路),bus,3,3,10.0,kept_special,
bus_line_900000204980,213路快线(软件园公交总站--大学城福大新区停车场),bus,11,11,61.0,kept_special,
bus_line_900000204982,213路快线(大学城福大新区停车场--软件园公交总站),bus,102,102,10.0,kept_special,
bus_line_900000205225,东部24号线(温泉小学--福州规划馆),bus,2,32,612.0,densified,20.0
bus_line_900000206025,马尾快线4号线(文化宫站--海军医院站),bus,2,2,1.0,kept_special,
bus_line_900000206825,闽江之心·旅游1号线(三坊七巷(澳门路)--三坊七巷(澳门路)),bus,21,21,29.0,kept_special,
bus_line_900000208231,385路快线(闽运连江汽车站--鳌峰洲公交总站),bus,38,38,19.0,kept_special,
bus_line_900000208234,385路快线(鳌峰洲公交总站--闽运连江汽车站),bus,37,37,19.0,kept_special,
bus_line_900000208430,770路(新店镇政府--大数据科技园),bus,35,38,22.0,densified,20.0
bus_line_900000208431,770路(大数据科技园--省海洋职业技校),bus,18,38,47.0,densified,20.0
bus_line_900000208609,地铁接驳28号专线(软件园公交总站--金牛山公园),bus,55,55,16.0,kept_special,
bus_line_900000208610,地铁接驳28号专线(金牛山公园--软件园公交总站),bus,55,55,16.0,kept_special,
bus_line_900000208818,地铁接驳29号专线内环(清华附中小学二部--樟岚公交总站),bus,51,51,16.0,kept_special,
bus_line_900000214653,通勤快线22路(城门--前锦),bus,2,2,605.0,kept_special,
bus_line_900000215287,通勤快线23(三环纵一号路口--桥南环岛),bus,4,4,10.0,kept_special,
bus_line_900000215288,通勤快线23(桥南--三环纵一号路口),bus,3,3,630.0,kept_special,
bus_line_900000215327,地铁接驳29号专线(樟岚公交总站--清华附中小学二部),bus,55,55,16.0,kept_special,
bus_line_900000216263,通勤快线25路(晋安社会福利中心--地铁象峰站),bus,18,18,15.0,kept_special,
bus_line_900000216266,通勤快线25路(地铁象峰站--晋安社会福利中心),bus,18,18,15.0,kept_special,
bus_line_900000219138,通学专线6路(横屿路--晋安榕博小学(东区)),bus,5,5,230.0,kept_special,
bus_line_900000219144,通学专线7路(鹤林新城--晋安榕博小学(东区)),bus,5,5,232.0,kept_special,
bus_line_900000219146,通学专线6路(晋安榕博小学(东区)--横屿路),bus,3,3,340.0,kept_special,
bus_line_900000219148,通学专线7路(晋安榕博小学(东区)--鹤林新城),bus,3,3,340.0,kept_special,
bus_line_900000220510,地铁接驳31号专线(远洋--前横路),bus,55,55,16.0,kept_special,
bus_line_900000220513,地铁接驳31号专线(前横路--远洋),bus,55,55,16.0,kept_special,
bus_line_900000220692,通勤快线24路(软件园鲲鹏大厦--屏山),bus,4,4,31.0,kept_special,
bus_line_900000220694,通勤快线24路(屏山--软件园鲲鹏大厦),bus,2,2,20.0,kept_special,
bus_line_900000220797,滨海三号线(金山金桔站--中国东南大数据产业园),bus,2,33,640.0,densified,20.0
bus_line_900000220798,滨海三号线(中国东南大数据产业园--金山金桔站),bus,102,102,10.0,kept,
bus_line_900000220899,马尾快线2号线(西门--海军医院),bus,41,41,19.0,kept_special,
bus_line_900000220911,马尾快线2号线(海军医院--西门),bus,41,41,19.0,kept_special,
bus_line_900000221801,196路(桂山--火车站北广场),bus,46,46,18.0,kept,
bus_line_900000222159,东部34号线(后山村--东部办公区),bus,102,102,10.0,kept,
bus_line_900000222160,东部34号线(东部办公区--后山村),bus,68,68,14.0,kept,
bus_line_900000224203,通勤快线27路(福建开放大学桂山校区--东街口),bus,18,18,15.0,kept_special,
bus_line_900000224206,通勤快线27路(东街口--福建开放大学桂山校区),bus,18,18,15.0,kept_special,
bus_line_900000224214,通勤快线3路(软件园鲲鹏大厦--检察官学院(岭下)),bus,18,18,15.0,kept_special,
bus_line_900000224217,通勤快线3路(检察官学院(岭下)--软件园鲲鹏大厦),bus,18,18,15.0,kept_special,
bus_line_900000224227,通勤快线14路(乌龙江公园管理处--桔园洲港湾站),bus,42,42,20.0,kept_special,
bus_line_900000224230,通勤快线14路(桔园洲港湾站--乌龙江公园管理处),bus,18,18,15.0,kept_special,
bus_line_900000224763,地铁接驳9号专线(登云四季--登云四季),bus,55,55,16.0,kept_special,
bus_line_900000226061,215路快线(漳江公交首末站--奥体路公交总站),bus,3,3,320.0,kept_special,
bus_line_900000226062,215路快线(奥体路公交总站--漳江公交首末站),bus,102,102,10.0,kept_special,
bus_line_900000227835,地铁接驳14号专线(埠兴路--安铺村),bus,55,55,16.0,kept_special,
bus_line_900000227837,地铁接驳14号专线(安铺村--埠兴路),bus,55,55,16.0,kept_special,
bus_line_900000227838,767路支线(闽侯客运中心--闽侯县老年大学),bus,27,49,38.0,densified,20.0
bus_line_900000227841,767路支线(闽侯县老年大学--闽侯客运中心),bus,27,49,38.0,densified,20.0
bus_line_900000227849,766路区间(省卫生职业技术学校--荆溪厚屿地铁站),bus,27,27,38.0,kept_special,
bus_line_900000227853,766路区间(荆溪厚屿地铁站--省卫生职业技术学校),bus,10,10,28.0,kept_special,
bus_line_900000228016,永泰旅游专线(新国线)(香米拉酒店--西二环站),bus,24,24,29.0,kept_special,
bus_line_900000228019,永泰旅游专线(新国线)(苏宁广场--香米拉酒店),bus,24,24,29.0,kept_special,
bus_line_900000228769,216路快线(鼓山公交总站--泮野公交首末站),bus,6,6,90.0,kept_special,
bus_line_900000228770,216路快线(泮野公交首末站--鼓山公交总站),bus,102,102,10.0,kept_special,
bus_line_900000229312,东部17号线(郭厝里专线)(阵北洪塘路口--东部办公区(东部专线北侧上下点)),bus,41,41,19.0,kept_special,
bus_line_900000229313,东部17号线(郭厝里专线)(东部办公区(东部专线北侧上下点)--阵北洪塘路口),bus,41,41,19.0,kept_special,
bus_line_900000233207,M6路高峰快线(快安公交站--福州理工学院马尾校区),bus,18,18,15.0,kept_special,
bus_line_900000233209,M6路高峰快线(福州理工学院马尾校区--快安公交站),bus,18,18,15.0,kept_special,
bus_line_900000234572,通勤快线7路(鑫图光电--软件园鲲鹏大厦),bus,18,18,15.0,kept_special,
bus_line_900000234573,通勤快线7路(软件园鲲鹏大厦--鑫图光电),bus,18,18,15.0,kept_special,
bus_line_900000238460,鼓岭旅游度假区公交专线(鼓山公交总站--鼓岭柳杉王公园),bus,24,24,29.0,kept_special,
bus_line_900000238478,鼓岭旅游度假区公交专线(鼓岭柳杉王公园--鼓山公交总站),bus,24,24,29.0,kept_special,
bus_line_900000240967,地铁接驳3号专线(洪塘公交总站--金山金桔站),bus,51,51,16.0,kept_special,
bus_line_900000240970,地铁接驳3号专线(金山金桔--洪塘公交总站),bus,51,51,16.0,kept_special,
bus_line_900000240972,地铁接驳13号专线(洪塘公交总站--马榕地铁站),bus,51,51,18.0,kept_special,
bus_line_900000240994,地铁接驳13号专线(马榕地铁站--洪塘公交总站),bus,32,32,25.0,kept_special,
bus_line_900000241115,地铁接驳3号专线(金山金桔站--洪塘公交总站),bus,51,51,16.0,kept_special,
bus_line_900000241675,地铁熊猫世界接驳环线(陆庄地铁站B口站--陆庄地铁站B口),bus,67,67,14.0,kept,
bus_line_900000241761,通勤快线17路(软件园公交总站--软件园E区),bus,18,18,15.0,kept_special,
bus_line_900000241762,通勤快线17路(软件园E区--软件园公交总站),bus,18,18,15.0,kept_special,
bus_line_900000242114,地铁江南水都接驳专线(横江路东--金山体育场),bus,40,40,19.0,kept_special,
bus_line_900000242133,地铁江南水都接驳专线(金山体育场--横江路东),bus,40,40,19.0,kept_special,
bus_line_900000242355,通学专线2路(东山村--茶会小区),bus,16,16,20.0,kept_special,
bus_line_900000242356,通学专线2路(茶会小区--东山村),bus,16,16,20.0,kept_special,
bus_line_900000242372,螺洲吴石故居接驳专线(螺洲古镇--杜园山),bus,41,41,19.0,kept_special,
bus_line_900000242373,螺洲吴石故居接驳专线(杜园山--螺洲古镇),bus,41,41,19.0,kept_special,
bus_line_900000242915,761路(上放学期间)(县法院--地铁苏洋站),bus,102,102,10.0,kept,
bus_line_900000242916,761路(上放学期间)(地铁苏洋站--县法院),bus,102,102,10.0,kept,
bus_line_900000252750,琅岐公交旅游专线(火车站南广场--红蟳公社),bus,24,24,29.0,kept_special,
bus_line_900000252751,琅岐公交旅游专线(红蟳公社--火车站南广场),bus,24,24,29.0,kept_special,
bus_line_900000254108,东部18号线(金山金桔(金桔路)--东部办公区),bus,73,73,13.0,kept,
bus_line_900000254110,东部7号线(洪山梁厝专线)(东部办公区--九〇〇分院),bus,41,41,19.0,kept_special,
bus_line_900000254112,东部38号专线(东部办公区(江边洲路)--市政府加洋路停靠点),bus,41,41,19.0,kept_special,
bus_line_900000254113,东部38号专线(市政府加洋路停靠点--东部办公区(江边洲路)),bus,41,41,19.0,kept_special,
bus_line_900000254114,东部23号线(东部办公区--左海公园西门),bus,73,73,13.0,kept,
bus_line_900000254115,东部18号线(东部办公区--金山金桔(金桔路)),bus,73,73,13.0,kept,
bus_line_900000254116,东部37号线(福州规划馆--古三座),bus,68,68,14.0,kept,
bus_line_900000254117,东部37号线(古三座--福州规划馆),bus,68,68,14.0,kept,
bus_line_900000254118,东部2号线(东部办公区--东部办公区上车点(西洋)),bus,79,79,12.0,kept,
bus_line_900000254119,东部19号线(金山金桔(金桔路)--东部办公区),bus,73,73,13.0,kept,
bus_line_900000254120,东部19号线(东部办公区--金山金桔(金桔路)),bus,73,73,13.0,kept,
bus_line_900000254122,东部2号线(东部办公区上车点(西洋)--东部办公区),bus,79,79,12.0,kept,
bus_line_900000254585,空港快线五四北专线(五四北悦溪廷酒店--长乐机场),bus,23,23,45.0,kept_special,
bus_line_900000254589,空港快线五四北专线(长乐机场--五四北悦溪廷酒店),bus,23,23,45.0,kept_special,
bus_line_900000254748,看病就医专线(平潭车站夜市--西二环配客站),bus,32,32,19.0,kept_special,
bus_line_900000254749,金山便民通勤线(海峡城雍景苑--洪湾中路),bus,11,11,15.0,kept_special,
bus_line_900000254750,看病就医专线(西二环配客站--平潭车站夜市),bus,31,31,19.0,kept_special,
bus_line_900000254751,金山便民通勤线(洪湾中路--海峡城雍景苑),bus,11,11,15.0,kept_special,
bus_line_900000254762,旅游快线(平潭车站夜市--福州汽车北站),bus,32,32,22.0,kept_special,
bus_line_900000254763,旅游快线(福州汽车北站--平潭车站夜市),bus,32,32,22.0,kept_special,
bus_line_900000255347,东部36号线(南屿专线)(中溪--东部办公区),bus,41,41,19.0,kept_special,
metro_1,,metro,158,194,7.0,densified,5.25
metro_1,,metro,158,194,7.0,densified,5.25
metro_2,,metro,158,194,7.0,densified,5.25
metro_2,,metro,158,194,7.0,densified,5.25
metro_4,,metro,158,194,7.0,densified,5.25
metro_4,,metro,158,194,7.0,densified,5.25
metro_5,,metro,134,170,8.0,densified,6.0
metro_5,,metro,134,170,8.0,densified,6.0
metro_6,,metro,134,170,8.0,densified,6.0
metro_6,,metro,134,170,8.0,densified,6.0
metro_binhai_f1,,metro,133,170,8.0,densified,6.0
metro_binhai_f1,,metro,133,170,8.0,densified,6.0
