query,final_dir,source_label,source_dir,priority,xml_count,has_manifest,status_in_headers
100路,xml_by_line\001_100路,old_all_lines_xml,matsim-example-project\data\transit\fuzhou_bus_amap_mobile_timetables_all_lines_20260708\0043_100路,3,27,True,ok
101路,xml_by_line\002_101路,old_all_lines_xml,matsim-example-project\data\transit\fuzhou_bus_amap_mobile_timetables_all_lines_20260708\0035_101路,3,27,True,ok
102路,xml_by_line\003_102路,old_all_lines_xml,matsim-example-project\data\transit\fuzhou_bus_amap_mobile_timetables_all_lines_20260708\0036_102路,3,27,True,ok
103路,xml_by_line\004_103路,old_all_lines_xml,matsim-example-project\data\transit\fuzhou_bus_amap_mobile_timetables_all_lines_20260708\0037_103路,3,33,True,ok
105路,xml_by_line\005_105路,old_all_lines_xml,matsim-example-project\data\transit\fuzhou_bus_amap_mobile_timetables_all_lines_20260708\0039_105路,3,37,True,ok
106路,xml_by_line\006_106路,old_all_lines_xml,matsim-example-project\data\transit\fuzhou_bus_amap_mobile_timetables_all_lines_20260708\0033_106路,3,27,True,ok
107路,xml_by_line\007_107路,old_all_lines_xml,matsim-example-project\data\transit\fuzhou_bus_amap_mobile_timetables_all_lines_20260708\0040_107路,3,27,True,ok
108路,xml_by_line\008_108路,old_all_lines_xml,matsim-example-project\data\transit\fuzhou_bus_amap_mobile_timetables_all_lines_20260708\0041_108路,3,27,True,ok
109路,xml_by_line\009_109路,old_all_lines_xml,matsim-example-project\data\transit\fuzhou_bus_amap_mobile_timetables_all_lines_20260708\0042_109路,3,27,True,ok
10路,xml_by_line\010_10路,high_confidence_fix_capture,matsim-example-project\data\transit\fuzhou_bus_amap_mobile_timetables_high_confidence_fixes_capture_20260708\0001_10路(火车站北广场--鳌峰洲公交总站),2,15,True,failed_or_marked
111路,xml_by_line\011_111路,old_all_lines_xml,matsim-example-project\data\transit\fuzhou_bus_amap_mobile_timetables_all_lines_20260708\0044_111路,3,27,True,ok
112路,xml_by_line\012_112路,old_all_lines_xml,matsim-example-project\data\transit\fuzhou_bus_amap_mobile_timetables_all_lines_20260708\0045_112路,3,27,True,ok
113路,xml_by_line\013_113路,old_all_lines_xml,matsim-example-project\data\transit\fuzhou_bus_amap_mobile_timetables_all_lines_20260708\0105_113路,3,27,True,ok
115路,xml_by_line\014_115路,old_all_lines_xml,matsim-example-project\data\transit\fuzhou_bus_amap_mobile_timetables_all_lines_20260708\0046_115路,3,28,True,ok
116路,xml_by_line\015_116路,old_all_lines_xml,matsim-example-project\data\transit\fuzhou_bus_amap_mobile_timetables_all_lines_20260708\0114_116路,3,27,True,ok
117路,xml_by_line\016_117路,old_all_lines_xml,matsim-example-project\data\transit\fuzhou_bus_amap_mobile_timetables_all_lines_20260708\0047_117路,3,27,True,ok
118路,xml_by_line\017_118路,old_all_lines_xml,matsim-example-project\data\transit\fuzhou_bus_amap_mobile_timetables_all_lines_20260708\0048_118路,3,27,True,ok
11路,xml_by_line\018_11路,high_confidence_fix_capture,matsim-example-project\data\transit\fuzhou_bus_amap_mobile_timetables_high_confidence_fixes_capture_20260708\0002_11路(公交鹤林站--海峡奥体公交枢纽站),2,29,True,ok
121路,xml_by_line\019_121路,old_all_lines_xml,matsim-example-project\data\transit\fuzhou_bus_amap_mobile_timetables_all_lines_20260708\0049_121路,3,29,True,ok
122路,xml_by_line\020_122路,old_all_lines_xml,matsim-example-project\data\transit\fuzhou_bus_amap_mobile_timetables_all_lines_20260708\0084_122路,3,29,True,ok
124路,xml_by_line\021_124路,old_all_lines_xml,matsim-example-project\data\transit\fuzhou_bus_amap_mobile_timetables_all_lines_20260708\0089_124路,3,29,True,ok
125路,xml_by_line\022_125路,old_all_lines_xml,matsim-example-project\data\transit\fuzhou_bus_amap_mobile_timetables_all_lines_20260708\0034_125路,3,27,True,ok
126路,xml_by_line\023_126路,old_all_lines_xml,matsim-example-project\data\transit\fuzhou_bus_amap_mobile_timetables_all_lines_20260708\0094_126路,3,27,True,ok
127路,xml_by_line\024_127路,remaining_capture,matsim-example-project\data\transit\fuzhou_bus_amap_mobile_timetables_remaining_capture_20260708\0036_127路(汤畲--教院二附中),1,8,True,failed_or_marked
128路,xml_by_line\025_128路,old_all_lines_xml,matsim-example-project\data\transit\fuzhou_bus_amap_mobile_timetables_all_lines_20260708\0086_128路,3,27,True,ok
129路,xml_by_line\026_129路,old_all_lines_xml,matsim-example-project\data\transit\fuzhou_bus_amap_mobile_timetables_all_lines_20260708\0091_129路,3,28,True,ok
12路,xml_by_line\027_12路,old_all_lines_xml,matsim-example-project\data\transit\fuzhou_bus_amap_mobile_timetables_all_lines_20260708\0102_12路,3,27,True,ok
130路,xml_by_line\028_130路,old_all_lines_xml,matsim-example-project\data\transit\fuzhou_bus_amap_mobile_timetables_all_lines_20260708\0120_130路,3,34,True,ok
131路,xml_by_line\029_131路,old_all_lines_xml,matsim-example-project\data\transit\fuzhou_bus_amap_mobile_timetables_all_lines_20260708\0107_131路,3,27,True,ok
132路,xml_by_line\030_132路,old_all_lines_xml,matsim-example-project\data\transit\fuzhou_bus_amap_mobile_timetables_all_lines_20260708\0109_132路,3,35,True,ok
133路,xml_by_line\031_133路,old_all_lines_xml,matsim-example-project\data\transit\fuzhou_bus_amap_mobile_timetables_all_lines_20260708\0113_133路,3,28,True,ok
136路,xml_by_line\032_136路,old_all_lines_xml,matsim-example-project\data\transit\fuzhou_bus_amap_mobile_timetables_all_lines_20260708\0123_136路,3,35,True,ok
137路,xml_by_line\033_137路,remaining_capture,matsim-example-project\data\transit\fuzhou_bus_amap_mobile_timetables_remaining_capture_20260708\0034_137路(马尾青洲公交总站--高湖友谊路口),1,4,True,failed_or_marked
138路,xml_by_line\034_138路,remaining_capture,matsim-example-project\data\transit\fuzhou_bus_amap_mobile_timetables_remaining_capture_20260708\0002_138路(福晟钱隆樽品--尤溪洲(东)停车场),1,4,True,failed_or_marked
139快线,xml_by_line\035_139快线,remaining_capture,matsim-example-project\data\transit\fuzhou_bus_amap_mobile_timetables_remaining_capture_20260708\0012_139快线(金山公交总站--马尾青洲公交总站),1,0,True,failed_or_marked
139路快线,xml_by_line\036_139路快线,remaining_capture,matsim-example-project\data\transit\fuzhou_bus_amap_mobile_timetables_remaining_capture_20260708\0011_139路快线(马尾青洲公交总站--金山公交总站),1,19,True,ok
13路,xml_by_line\037_13路,high_confidence_fix_capture,matsim-example-project\data\transit\fuzhou_bus_amap_mobile_timetables_high_confidence_fixes_capture_20260708\0003_13路(敬老线路)(洪塘公交总站--鳌峰洲公交总站),2,10,True,failed_or_marked
140路,xml_by_line\038_140路,remaining_capture,matsim-example-project\data\transit\fuzhou_bus_amap_mobile_timetables_remaining_capture_20260708\0010_140路(马尾青洲公交总站--火车南站东广场),1,30,True,ok
142路,xml_by_line\039_142路,remaining_capture,matsim-example-project\data\transit\fuzhou_bus_amap_mobile_timetables_remaining_capture_20260708\0006_142路(城锦公交车场站--东部办公区),1,24,True,ok
148路,xml_by_line\040_148路,remaining_capture,matsim-example-project\data\transit\fuzhou_bus_amap_mobile_timetables_remaining_capture_20260708\0054_148路(海峡奥体公交枢纽站--大樟村),1,5,True,ok
149路,xml_by_line\041_149路,remaining_capture,matsim-example-project\data\transit\fuzhou_bus_amap_mobile_timetables_remaining_capture_20260708\0039_149路(尤溪洲(西)公交站--海峡汽车文化广场),1,5,True,ok
14路,xml_by_line\042_14路,old_all_lines_xml,matsim-example-project\data\transit\fuzhou_bus_amap_mobile_timetables_all_lines_20260708\0013_14路,3,29,True,ok
150路,xml_by_line\043_150路,remaining_capture,matsim-example-project\data\transit\fuzhou_bus_amap_mobile_timetables_remaining_capture_20260708\0021_150路(公交大学城西停车场--尤溪洲(西)公交站),1,24,True,ok
153路,xml_by_line\044_153路,remaining_capture,matsim-example-project\data\transit\fuzhou_bus_amap_mobile_timetables_remaining_capture_20260708\0017_153路(敬老线路)(西园公交总站--金融街万达广场(曙光路)),1,4,True,failed_or_marked
155路,xml_by_line\045_155路,remaining_capture,matsim-example-project\data\transit\fuzhou_bus_amap_mobile_timetables_remaining_capture_20260708\0020_155路(火车南站西广场--海峡汽车文化广场),1,18,True,ok
156路,xml_by_line\046_156路,remaining_capture,matsim-example-project\data\transit\fuzhou_bus_amap_mobile_timetables_remaining_capture_20260708\0018_156路(海峡奥体公交枢纽站--龙福机电交易市场),1,26,True,ok
157路,xml_by_line\047_157路,remaining_capture,matsim-example-project\data\transit\fuzhou_bus_amap_mobile_timetables_remaining_capture_20260708\0019_157路(福建理工大学--东升小区),1,5,True,ok
158路,xml_by_line\048_158路,remaining_capture,matsim-example-project\data\transit\fuzhou_bus_amap_mobile_timetables_remaining_capture_20260708\0030_158路(金山金桔站--软件园鲲鹏大厦),1,6,True,ok
159路,xml_by_line\049_159路,remaining_capture,matsim-example-project\data\transit\fuzhou_bus_amap_mobile_timetables_remaining_capture_20260708\0041_159路(公交仁德站--义井公交总站),1,30,True,ok
15路,xml_by_line\050_15路,remaining_capture,matsim-example-project\data\transit\fuzhou_bus_amap_mobile_timetables_remaining_capture_20260708\0013_15路(鳌峰洲公交总站--洪山桥西公交总站),1,4,True,failed_or_marked
160路,xml_by_line\051_160路,remaining_capture,matsim-example-project\data\transit\fuzhou_bus_amap_mobile_timetables_remaining_capture_20260708\0035_160路(火车站南广场--动物园),1,8,True,failed_or_marked
161路,xml_by_line\052_161路,remaining_capture,matsim-example-project\data\transit\fuzhou_bus_amap_mobile_timetables_remaining_capture_20260708\0028_161路(福新公交枢纽站--火车南站东广场),1,26,True,ok
162路,xml_by_line\053_162路,remaining_capture,matsim-example-project\data\transit\fuzhou_bus_amap_mobile_timetables_remaining_capture_20260708\0029_162路(市妇幼保健院门诊楼--廨院公交总站),1,3,True,failed_or_marked
163路,xml_by_line\054_163路,remaining_capture,matsim-example-project\data\transit\fuzhou_bus_amap_mobile_timetables_remaining_capture_20260708\0022_163路(洪塘公交总站--东部办公区),1,3,True,failed_or_marked
166路,xml_by_line\055_166路,remaining_capture,matsim-example-project\data\transit\fuzhou_bus_amap_mobile_timetables_remaining_capture_20260708\0037_166路(敬老线路)(福新公交枢纽站--厦坊路北),1,8,True,failed_or_marked
167路,xml_by_line\056_167路,remaining_capture,matsim-example-project\data\transit\fuzhou_bus_amap_mobile_timetables_remaining_capture_20260708\0032_167路(火车南站西广场--金山公交总站),1,26,True,ok
168路,xml_by_line\057_168路,remaining_capture,matsim-example-project\data\transit\fuzhou_bus_amap_mobile_timetables_remaining_capture_20260708\0031_168路(公交大学城总站--金牛山公园),1,18,True,ok
169路,xml_by_line\058_169路,remaining_capture,matsim-example-project\data\transit\fuzhou_bus_amap_mobile_timetables_remaining_capture_20260708\0025_169路(敬老线路)(尤溪洲(东)停车场--东山新苑公交站),1,4,True,failed_or_marked
16路,xml_by_line\059_16路,old_all_lines_xml,matsim-example-project\data\transit\fuzhou_bus_amap_mobile_timetables_all_lines_20260708\0014_16路,3,27,True,ok
170路,xml_by_line\060_170路,remaining_capture,matsim-example-project\data\transit\fuzhou_bus_amap_mobile_timetables_remaining_capture_20260708\0033_170路(快安公交站--火车站北广场),1,15,True,ok
171路,xml_by_line\061_171路,remaining_capture,matsim-example-project\data\transit\fuzhou_bus_amap_mobile_timetables_remaining_capture_20260708\0024_171路(敬老线路)(旗山万佛寺--公交仁德站),1,4,True,failed_or_marked
172路,xml_by_line\062_172路,remaining_capture,matsim-example-project\data\transit\fuzhou_bus_amap_mobile_timetables_remaining_capture_20260708\0051_172路(高新大道--左海公园西门),1,6,True,ok
173路,xml_by_line\063_173路,remaining_capture,matsim-example-project\data\transit\fuzhou_bus_amap_mobile_timetables_remaining_capture_20260708\0058_173路(王庄公交总站--高新海西中科院东门),1,5,True,ok
175路,xml_by_line\064_175路,remaining_capture,matsim-example-project\data\transit\fuzhou_bus_amap_mobile_timetables_remaining_capture_20260708\0062_175路(公交海峡国际会展中心西站--金山浦上公交枢纽站),1,25,True,ok
176路,xml_by_line\065_176路,remaining_capture,matsim-example-project\data\transit\fuzhou_bus_amap_mobile_timetables_remaining_capture_20260708\0046_176路(敬老线路)(火车南站西广场--公交大学城总站),1,3,True,failed_or_marked
177路,xml_by_line\066_177路,remaining_capture,matsim-example-project\data\transit\fuzhou_bus_amap_mobile_timetables_remaining_capture_20260708\0055_177路(福州温泉博物馆--公交海峡国际会展中心西站),1,5,True,ok
178路,xml_by_line\067_178路,remaining_capture,matsim-example-project\data\transit\fuzhou_bus_amap_mobile_timetables_remaining_capture_20260708\0052_178路(马尾青洲公交总站--火车站南广场),1,23,True,ok
179路,xml_by_line\068_179路,remaining_capture,matsim-example-project\data\transit\fuzhou_bus_amap_mobile_timetables_remaining_capture_20260708\0043_179路(公交仁德站--海峡颐乐园),1,16,True,ok
17路,xml_by_line\069_17路,old_all_lines_xml,matsim-example-project\data\transit\fuzhou_bus_amap_mobile_timetables_all_lines_20260708\0121_17路,3,39,True,ok
180路,xml_by_line\070_180路,remaining_capture,matsim-example-project\data\transit\fuzhou_bus_amap_mobile_timetables_remaining_capture_20260708\0045_180路(琅岐公交总站--马尾青洲公交总站),1,28,True,ok
180路区间,xml_by_line\071_180路区间,remaining_capture,matsim-example-project\data\transit\fuzhou_bus_amap_mobile_timetables_remaining_capture_20260708\0175_180路区间(马尾青洲公交总站--猴屿乡政府),1,6,True,ok
181路,xml_by_line\072_181路,remaining_capture,matsim-example-project\data\transit\fuzhou_bus_amap_mobile_timetables_remaining_capture_20260708\0061_181路(敬老线路)(尤溪洲(西)公交站--淮安科贡),1,4,True,failed_or_marked
182路,xml_by_line\073_182路,remaining_capture,matsim-example-project\data\transit\fuzhou_bus_amap_mobile_timetables_remaining_capture_20260708\0065_182路(敬老线路)(火车站北广场--动物园),1,8,True,failed_or_marked
183路快线,xml_by_line\074_183路快线,remaining_capture,matsim-example-project\data\transit\fuzhou_bus_amap_mobile_timetables_remaining_capture_20260708\0042_183路快线(敬老线路)(火车站北广场--公交大学城总站),1,8,True,failed_or_marked
185路快线,xml_by_line\075_185路快线,remaining_capture,matsim-example-project\data\transit\fuzhou_bus_amap_mobile_timetables_remaining_capture_20260708\0074_185路快线(火车站北广场--闽侯青岐公交总站),1,22,True,ok
186路快线,xml_by_line\076_186路快线,remaining_capture,matsim-example-project\data\transit\fuzhou_bus_amap_mobile_timetables_remaining_capture_20260708\0079_186路快线(敬老线路)(福晟钱隆樽品--公交海峡国际会展中心东站),1,4,True,failed_or_marked
187路,xml_by_line\077_187路,remaining_capture,matsim-example-project\data\transit\fuzhou_bus_amap_mobile_timetables_remaining_capture_20260708\0076_187路(敬老线路)(远东丽景公交站--警森苑),1,4,True,failed_or_marked
188路,xml_by_line\078_188路,remaining_capture,matsim-example-project\data\transit\fuzhou_bus_amap_mobile_timetables_remaining_capture_20260708\0082_188路(敬老线路)(公交海峡国际会展中心东站--利嘉国际商业城12号馆),1,4,True,failed_or_marked
189路快线,xml_by_line\079_189路快线,remaining_capture,matsim-example-project\data\transit\fuzhou_bus_amap_mobile_timetables_remaining_capture_20260708\0087_189路快线(闽侯青岐公交总站--金山浦上公交枢纽站),1,25,True,ok
18路,xml_by_line\080_18路,old_all_lines_xml,matsim-example-project\data\transit\fuzhou_bus_amap_mobile_timetables_all_lines_20260708\0016_18路,3,27,True,ok
190路,xml_by_line\081_190路,remaining_capture,matsim-example-project\data\transit\fuzhou_bus_amap_mobile_timetables_remaining_capture_20260708\0085_190路(敬老线路)(东部办公区(南社二路)--金山公交总站),1,8,True,failed_or_marked
191路,xml_by_line\082_191路,remaining_capture,matsim-example-project\data\transit\fuzhou_bus_amap_mobile_timetables_remaining_capture_20260708\0176_191路(福建农林大学旗山校区--淮安公交总站),1,24,True,ok
192路,xml_by_line\083_192路,remaining_capture,matsim-example-project\data\transit\fuzhou_bus_amap_mobile_timetables_remaining_capture_20260708\0177_192路(金山公交总站--东部办公区),1,23,True,ok
193路,xml_by_line\084_193路,remaining_capture,matsim-example-project\data\transit\fuzhou_bus_amap_mobile_timetables_remaining_capture_20260708\0178_193路(淮安公交总站--软件园公交总站),1,18,True,ok
194路,xml_by_line\085_194路,remaining_capture,matsim-example-project\data\transit\fuzhou_bus_amap_mobile_timetables_remaining_capture_20260708\0180_194路(附一医院奥体院区--岭后街),1,23,True,ok
196路,xml_by_line\086_196路,remaining_capture,matsim-example-project\data\transit\fuzhou_bus_amap_mobile_timetables_remaining_capture_20260708\0088_196路(火车站北广场--桂山),1,4,True,failed_or_marked
197路,xml_by_line\087_197路,remaining_capture,matsim-example-project\data\transit\fuzhou_bus_amap_mobile_timetables_remaining_capture_20260708\0096_197路(福新公交枢纽站--奥体路公交总站),1,8,True,failed_or_marked
199路,xml_by_line\088_199路,remaining_capture,matsim-example-project\data\transit\fuzhou_bus_amap_mobile_timetables_remaining_capture_20260708\0108_199路(敬老线路)(地铁葫芦阵站--长乐下洋),1,5,True,failed_or_marked
19路,xml_by_line\089_19路,remaining_capture,matsim-example-project\data\transit\fuzhou_bus_amap_mobile_timetables_remaining_capture_20260708\0014_19路(尤溪洲(东)停车场--上柳路北),1,27,True,ok
1路,xml_by_line\090_1路,old_all_lines_xml,matsim-example-project\data\transit\fuzhou_bus_amap_mobile_timetables_all_lines_20260708\0001_1路,3,28,True,ok
200路,xml_by_line\091_200路,remaining_capture,matsim-example-project\data\transit\fuzhou_bus_amap_mobile_timetables_remaining_capture_20260708\0103_200路(金山公交总站--软件园公交总站),1,7,True,ok
201路,xml_by_line\092_201路,remaining_capture,matsim-example-project\data\transit\fuzhou_bus_amap_mobile_timetables_remaining_capture_20260708\0105_201路(鼓山公交总站--马尾琅岐码头),1,21,True,ok
202路,xml_by_line\093_202路,remaining_capture,matsim-example-project\data\transit\fuzhou_bus_amap_mobile_timetables_remaining_capture_20260708\0112_202路(福新公交枢纽站--仁山路利嘉国际商业城),1,26,True,ok
205路,xml_by_line\094_205路,remaining_capture,matsim-example-project\data\transit\fuzhou_bus_amap_mobile_timetables_remaining_capture_20260708\0119_205路(义序公交综合车场--霞洲路),1,25,True,ok
206路快线,xml_by_line\095_206路快线,remaining_capture,matsim-example-project\data\transit\fuzhou_bus_amap_mobile_timetables_remaining_capture_20260708\0166_206路快线(鳌峰洲公交总站--海峡冻品批发市场),1,23,True,ok
207路,xml_by_line\096_207路,remaining_capture,matsim-example-project\data\transit\fuzhou_bus_amap_mobile_timetables_remaining_capture_20260708\0184_207路(火车站北广场(东侧候车处)--闽侯六中),1,4,True,failed_or_marked
209路,xml_by_line\097_209路,remaining_capture,matsim-example-project\data\transit\fuzhou_bus_amap_mobile_timetables_remaining_capture_20260708\0005_209路(燎原路水岸路口--金融街万达广场(曙光路)),1,8,True,failed_or_marked
20路,xml_by_line\098_20路,old_all_lines_xml,matsim-example-project\data\transit\fuzhou_bus_amap_mobile_timetables_all_lines_20260708\0017_20路,3,28,True,ok
20路夜间区间车,xml_by_line\099_20路夜间区间车,remaining_capture,matsim-example-project\data\transit\fuzhou_bus_amap_mobile_timetables_remaining_capture_20260708\0126_20路夜间区间车(火车站北广场--公交仁德站),1,3,True,failed_or_marked
210路,xml_by_line\100_210路,remaining_capture,matsim-example-project\data\transit\fuzhou_bus_amap_mobile_timetables_remaining_capture_20260708\0010_210路(青口后福公交总站--新后坂停车场),1,19,True,ok
211路,xml_by_line\101_211路,remaining_capture,matsim-example-project\data\transit\fuzhou_bus_amap_mobile_timetables_remaining_capture_20260708\0012_211路(泉头路西(南侧)--地铁象峰站),1,23,True,ok
212路快线,xml_by_line\102_212路快线,remaining_capture,matsim-example-project\data\transit\fuzhou_bus_amap_mobile_timetables_remaining_capture_20260708\0047_212路快线(芝山站--海峡奥体公交枢纽站),1,17,True,ok
213路快线,xml_by_line\103_213路快线,remaining_capture,matsim-example-project\data\transit\fuzhou_bus_amap_mobile_timetables_remaining_capture_20260708\0025_213路快线(软件园公交总站--大学城福大新区停车场),1,19,True,ok
215路快线,xml_by_line\104_215路快线,remaining_capture,matsim-example-project\data\transit\fuzhou_bus_amap_mobile_timetables_remaining_capture_20260708\0048_215路快线(漳江公交首末站--奥体路公交总站),1,17,True,ok
216路快线,xml_by_line\105_216路快线,remaining_capture,matsim-example-project\data\transit\fuzhou_bus_amap_mobile_timetables_remaining_capture_20260708\0052_216路快线(鼓山公交总站--泮野公交首末站),1,6,True,ok
22路,xml_by_line\106_22路,old_all_lines_xml,matsim-example-project\data\transit\fuzhou_bus_amap_mobile_timetables_all_lines_20260708\0018_22路,3,33,True,ok
23路,xml_by_line\107_23路,old_all_lines_xml,matsim-example-project\data\transit\fuzhou_bus_amap_mobile_timetables_all_lines_20260708\0078_23路,3,37,True,ok
25路,xml_by_line\108_25路,high_confidence_fix_capture,matsim-example-project\data\transit\fuzhou_bus_amap_mobile_timetables_high_confidence_fixes_capture_20260708\0004_25路(敬老线路)(公交福湾站--尤溪洲(西)公交站),2,10,True,failed_or_marked
26路,xml_by_line\109_26路,remaining_capture,matsim-example-project\data\transit\fuzhou_bus_amap_mobile_timetables_remaining_capture_20260708\0040_26路(秀宅路--公交大学城总站),1,26,True,ok
27路,xml_by_line\110_27路,high_confidence_fix_capture,matsim-example-project\data\transit\fuzhou_bus_amap_mobile_timetables_high_confidence_fixes_capture_20260708\0005_27路(敬老线路)(福大东门--湖塘村),2,10,True,failed_or_marked
28路,xml_by_line\111_28路,high_confidence_fix_capture,matsim-example-project\data\transit\fuzhou_bus_amap_mobile_timetables_high_confidence_fixes_capture_20260708\0006_28路(敬老线路)(地铁葫芦阵站--新厦二区社区),2,5,True,failed_or_marked
29路,xml_by_line\112_29路,high_confidence_fix_capture,matsim-example-project\data\transit\fuzhou_bus_amap_mobile_timetables_high_confidence_fixes_capture_20260708\0007_29路(敬老线路)(金牛山公园--鼓山公交总站),2,3,True,failed_or_marked
2路,xml_by_line\113_2路,old_all_lines_xml,matsim-example-project\data\transit\fuzhou_bus_amap_mobile_timetables_all_lines_20260708\0002_2路,3,27,True,ok
301路,xml_by_line\114_301路,old_all_lines_xml,matsim-example-project\data\transit\fuzhou_bus_amap_mobile_timetables_all_lines_20260708\0118_301路,3,8,True,failed_or_marked
302路,xml_by_line\115_302路,high_confidence_fix_capture,matsim-example-project\data\transit\fuzhou_bus_amap_mobile_timetables_high_confidence_fixes_capture_20260708\0008_302路(公交福湾站--鼓山公交总站),2,4,True,failed_or_marked
303路,xml_by_line\116_303路,high_confidence_fix_capture,matsim-example-project\data\transit\fuzhou_bus_amap_mobile_timetables_high_confidence_fixes_capture_20260708\0009_303路(洪山桥小区--鼓山公交总站),2,3,True,failed_or_marked
305路,xml_by_line\117_305路,old_all_lines_xml,matsim-example-project\data\transit\fuzhou_bus_amap_mobile_timetables_all_lines_20260708\0116_305路,3,8,True,failed_or_marked
306路,xml_by_line\118_306路,high_confidence_fix_capture,matsim-example-project\data\transit\fuzhou_bus_amap_mobile_timetables_high_confidence_fixes_capture_20260708\0010_306路(义序公交综合车场--公交仁德站),2,3,True,failed_or_marked
307路,xml_by_line\119_307路,remaining_capture,matsim-example-project\data\transit\fuzhou_bus_amap_mobile_timetables_remaining_capture_20260708\0003_307路(公交海峡国际会展中心东站--洪山桥小区),1,3,True,failed_or_marked
308路,xml_by_line\120_308路,remaining_capture,matsim-example-project\data\transit\fuzhou_bus_amap_mobile_timetables_remaining_capture_20260708\0001_308路(火车站北广场--金山金桔站),1,3,True,failed_or_marked
309路,xml_by_line\121_309路,high_confidence_fix_capture,matsim-example-project\data\transit\fuzhou_bus_amap_mobile_timetables_high_confidence_fixes_capture_20260708\0011_309路(尤溪洲(东)停车场--雁头路东),2,3,True,failed_or_marked
30路,xml_by_line\122_30路,old_all_lines_xml,matsim-example-project\data\transit\fuzhou_bus_amap_mobile_timetables_all_lines_20260708\0022_30路,3,37,True,ok
310路,xml_by_line\123_310路,remaining_capture,matsim-example-project\data\transit\fuzhou_bus_amap_mobile_timetables_remaining_capture_20260708\0002_310路(潭桥公交总站--动物园),1,3,True,failed_or_marked
311路,xml_by_line\124_311路,remaining_capture,matsim-example-project\data\transit\fuzhou_bus_amap_mobile_timetables_remaining_capture_20260708\0001_311路(闽运阳岐停车场--软件园公交总站),1,26,True,ok
312路,xml_by_line\125_312路,remaining_capture,matsim-example-project\data\transit\fuzhou_bus_amap_mobile_timetables_remaining_capture_20260708\0007_312路(鳌峰洲公交总站--淮安公交总站),1,3,True,failed_or_marked
313路,xml_by_line\126_313路,remaining_capture,matsim-example-project\data\transit\fuzhou_bus_amap_mobile_timetables_remaining_capture_20260708\0005_313路(公交鹤林站--金山公交总站),1,4,True,failed_or_marked
315路,xml_by_line\127_315路,remaining_capture,matsim-example-project\data\transit\fuzhou_bus_amap_mobile_timetables_remaining_capture_20260708\0006_315路(金山金桔站--王庄公交总站),1,3,True,failed_or_marked
316路,xml_by_line\128_316路,remaining_capture,matsim-example-project\data\transit\fuzhou_bus_amap_mobile_timetables_remaining_capture_20260708\0008_316路(东山新苑公交站--福大东门),1,3,True,failed_or_marked
317路,xml_by_line\129_317路,remaining_capture,matsim-example-project\data\transit\fuzhou_bus_amap_mobile_timetables_remaining_capture_20260708\0009_317路(金山浦上公交枢纽站--福建理工大学鼓山校区),1,1,True,failed_or_marked
318路,xml_by_line\130_318路,remaining_capture,matsim-example-project\data\transit\fuzhou_bus_amap_mobile_timetables_remaining_capture_20260708\0007_318路(公交鹤林站--公交大学城总站),1,23,True,ok
319路,xml_by_line\131_319路,remaining_capture,matsim-example-project\data\transit\fuzhou_bus_amap_mobile_timetables_remaining_capture_20260708\0003_319路(福建理工大学鼓山校区--鹭岭公交总站),1,26,True,ok
31路,xml_by_line\132_31路,high_confidence_fix_capture,matsim-example-project\data\transit\fuzhou_bus_amap_mobile_timetables_high_confidence_fixes_capture_20260708\0012_31路(台江广场--青口公交总站),2,3,True,failed_or_marked
320路,xml_by_line\133_320路,remaining_capture,matsim-example-project\data\transit\fuzhou_bus_amap_mobile_timetables_remaining_capture_20260708\0004_320路(鳌峰洲公交总站--洪山桥小区),1,5,True,ok
321路,xml_by_line\134_321路,remaining_capture,matsim-example-project\data\transit\fuzhou_bus_amap_mobile_timetables_remaining_capture_20260708\0016_321路(远东丽景公交站--公交大学城总站),1,27,True,ok
322路,xml_by_line\135_322路,remaining_capture,matsim-example-project\data\transit\fuzhou_bus_amap_mobile_timetables_remaining_capture_20260708\0023_322路(东山新苑公交站--福道5号口),1,27,True,ok
323路快线,xml_by_line\136_323路快线,remaining_capture,matsim-example-project\data\transit\fuzhou_bus_amap_mobile_timetables_remaining_capture_20260708\0064_323路快线(公交大学城总站--火车站南广场),1,4,True,failed_or_marked
325路,xml_by_line\137_325路,remaining_capture,matsim-example-project\data\transit\fuzhou_bus_amap_mobile_timetables_remaining_capture_20260708\0071_325路(桔园洲港湾站--公交福湾站),1,8,True,failed_or_marked
327路,xml_by_line\138_327路,remaining_capture,matsim-example-project\data\transit\fuzhou_bus_amap_mobile_timetables_remaining_capture_20260708\0053_327路(福建理工大学鼓山校区--福建理工大学),1,28,True,ok
328路,xml_by_line\139_328路,remaining_capture,matsim-example-project\data\transit\fuzhou_bus_amap_mobile_timetables_remaining_capture_20260708\0080_328路(森林公园--鳌峰洲公交总站),1,28,True,ok
329路,xml_by_line\140_329路,remaining_capture,matsim-example-project\data\transit\fuzhou_bus_amap_mobile_timetables_remaining_capture_20260708\0086_329路(淮安公交总站--海峡奥体公交枢纽站),1,25,True,ok
32路,xml_by_line\141_32路,remaining_capture,matsim-example-project\data\transit\fuzhou_bus_amap_mobile_timetables_remaining_capture_20260708\0044_32路(金山公交总站--闽侯青岐公交总站),1,23,True,ok
331路,xml_by_line\142_331路,remaining_capture,matsim-example-project\data\transit\fuzhou_bus_amap_mobile_timetables_remaining_capture_20260708\0106_331路(火车站北广场--桂湖公交站),1,27,True,ok
332路,xml_by_line\143_332路,remaining_capture,matsim-example-project\data\transit\fuzhou_bus_amap_mobile_timetables_remaining_capture_20260708\0097_332路(斗顶--后屿福光路口),1,4,True,failed_or_marked
333路,xml_by_line\144_333路,remaining_capture,matsim-example-project\data\transit\fuzhou_bus_amap_mobile_timetables_remaining_capture_20260708\0111_333路(鳌峰洲公交总站--潭桥公交总站),1,25,True,ok
335路,xml_by_line\145_335路,remaining_capture,matsim-example-project\data\transit\fuzhou_bus_amap_mobile_timetables_remaining_capture_20260708\0107_335路(潭桥公交总站--尤溪洲(东)停车场),1,27,True,ok
336路,xml_by_line\146_336路,remaining_capture,matsim-example-project\data\transit\fuzhou_bus_amap_mobile_timetables_remaining_capture_20260708\0110_336路(高新大道--公交仁德站),1,28,True,ok
337路,xml_by_line\147_337路,remaining_capture,matsim-example-project\data\transit\fuzhou_bus_amap_mobile_timetables_remaining_capture_20260708\0117_337路(利嘉自贸区--洪塘公交总站),1,34,True,ok
338路,xml_by_line\148_338路,remaining_capture,matsim-example-project\data\transit\fuzhou_bus_amap_mobile_timetables_remaining_capture_20260708\0122_338路(义井公交总站--得贵路),1,26,True,ok
339路,xml_by_line\149_339路,remaining_capture,matsim-example-project\data\transit\fuzhou_bus_amap_mobile_timetables_remaining_capture_20260708\0123_339路(尤溪洲(东)停车场--三坊七巷(澳门路)),1,8,True,failed_or_marked
33路,xml_by_line\150_33路,old_all_lines_xml,matsim-example-project\data\transit\fuzhou_bus_amap_mobile_timetables_all_lines_20260708\0023_33路,3,37,True,ok
351路,xml_by_line\151_351路,remaining_capture,matsim-example-project\data\transit\fuzhou_bus_amap_mobile_timetables_remaining_capture_20260708\0137_351路(王庄公交总站--利嘉自贸区),1,25,True,ok
352路,xml_by_line\152_352路,remaining_capture,matsim-example-project\data\transit\fuzhou_bus_amap_mobile_timetables_remaining_capture_20260708\0142_352路(敬老线路)(公交福湾站--金山浦上公交枢纽站),1,4,True,failed_or_marked
353路,xml_by_line\153_353路,remaining_capture,matsim-example-project\data\transit\fuzhou_bus_amap_mobile_timetables_remaining_capture_20260708\0144_353路(尤溪洲(东)停车场--公交海峡国际会展中心东站),1,29,True,ok
355路快线,xml_by_line\154_355路快线,remaining_capture,matsim-example-project\data\transit\fuzhou_bus_amap_mobile_timetables_remaining_capture_20260708\0164_355路快线(火车站南广场--琅岐公交总站),1,22,True,ok
356路,xml_by_line\155_356路,remaining_capture,matsim-example-project\data\transit\fuzhou_bus_amap_mobile_timetables_remaining_capture_20260708\0168_356路(省妇幼保健院--横屿公交枢纽站),1,25,True,ok
357路,xml_by_line\156_357路,remaining_capture,matsim-example-project\data\transit\fuzhou_bus_amap_mobile_timetables_remaining_capture_20260708\0192_357路(仙宗禅寺--白湖亭),1,8,True,failed_or_marked
358路区间,xml_by_line\157_358路区间,remaining_capture,matsim-example-project\data\transit\fuzhou_bus_amap_mobile_timetables_remaining_capture_20260708\0007_358路区间(砂之船小镇5号门--福大东门),1,4,True,failed_or_marked
358路快线,xml_by_line\158_358路快线,remaining_capture,matsim-example-project\data\transit\fuzhou_bus_amap_mobile_timetables_remaining_capture_20260708\0193_358路快线(东南国际建材城--尤溪洲(东)停车场),1,6,True,ok
359路,xml_by_line\159_359路,remaining_capture,matsim-example-project\data\transit\fuzhou_bus_amap_mobile_timetables_remaining_capture_20260708\0194_359路(市妇幼保健院门诊楼--金山公交总站),1,8,True,failed_or_marked
35路,xml_by_line\160_35路,remaining_capture,matsim-example-project\data\transit\fuzhou_bus_amap_mobile_timetables_remaining_capture_20260708\0072_35路(敬老线路)(三江口地铁站--地铁葫芦阵),1,4,True,failed_or_marked
36路,xml_by_line\161_36路,old_all_lines_xml,matsim-example-project\data\transit\fuzhou_bus_amap_mobile_timetables_all_lines_20260708\0024_36路,3,27,True,ok
37路,xml_by_line\162_37路,old_all_lines_xml,matsim-example-project\data\transit\fuzhou_bus_amap_mobile_timetables_all_lines_20260708\0025_37路,3,28,True,ok
380路,xml_by_line\163_380路,remaining_capture,matsim-example-project\data\transit\fuzhou_bus_amap_mobile_timetables_remaining_capture_20260708\0115_380路(连江汽车站--福新公交总站),1,7,True,ok
381路,xml_by_line\164_381路,remaining_capture,matsim-example-project\data\transit\fuzhou_bus_amap_mobile_timetables_remaining_capture_20260708\0114_381路(地铁安平站--福建商学院连江校区),1,4,True,failed_or_marked
382路,xml_by_line\165_382路,remaining_capture,matsim-example-project\data\transit\fuzhou_bus_amap_mobile_timetables_remaining_capture_20260708\0131_382路(火车站北广场--连江汽车站),1,3,True,failed_or_marked
383路快线,xml_by_line\166_383路快线,remaining_capture,matsim-example-project\data\transit\fuzhou_bus_amap_mobile_timetables_remaining_capture_20260708\0185_383路快线(连江汽车站--闽运汽车北站),1,3,True,failed_or_marked
385路快线,xml_by_line\167_385路快线,remaining_capture,matsim-example-project\data\transit\fuzhou_bus_amap_mobile_timetables_remaining_capture_20260708\0029_385路快线(闽运连江汽车站--鳌峰洲公交总站),1,4,True,failed_or_marked
38路,xml_by_line\168_38路,old_all_lines_xml,matsim-example-project\data\transit\fuzhou_bus_amap_mobile_timetables_all_lines_20260708\0026_38路,3,31,True,ok
39路,xml_by_line\169_39路,high_confidence_fix_capture,matsim-example-project\data\transit\fuzhou_bus_amap_mobile_timetables_high_confidence_fixes_capture_20260708\0013_39路(台江广场--地铁沙堤站),2,8,True,failed_or_marked
3路,xml_by_line\170_3路,old_all_lines_xml,matsim-example-project\data\transit\fuzhou_bus_amap_mobile_timetables_all_lines_20260708\0003_3路,3,27,True,ok
40路快线,xml_by_line\171_40路快线,old_all_lines_xml,matsim-example-project\data\transit\fuzhou_bus_amap_mobile_timetables_all_lines_20260708\0028_40路快线,3,27,True,ok
41路,xml_by_line\172_41路,old_all_lines_xml,matsim-example-project\data\transit\fuzhou_bus_amap_mobile_timetables_all_lines_20260708\0081_41路,3,29,True,ok
42路,xml_by_line\173_42路,old_all_lines_xml,matsim-example-project\data\transit\fuzhou_bus_amap_mobile_timetables_all_lines_20260708\0090_42路,3,27,True,ok
43路,xml_by_line\174_43路,old_all_lines_xml,matsim-example-project\data\transit\fuzhou_bus_amap_mobile_timetables_all_lines_20260708\0097_43路,3,26,True,ok
45路,xml_by_line\175_45路,old_all_lines_xml,matsim-example-project\data\transit\fuzhou_bus_amap_mobile_timetables_all_lines_20260708\0080_45路,3,34,True,ok
46路,xml_by_line\176_46路,old_all_lines_xml,matsim-example-project\data\transit\fuzhou_bus_amap_mobile_timetables_all_lines_20260708\0082_46路,3,27,True,ok
47路,xml_by_line\177_47路,remaining_capture,matsim-example-project\data\transit\fuzhou_bus_amap_mobile_timetables_remaining_capture_20260708\0026_47路(曙光支路东站--金山公交总站),1,4,True,failed_or_marked
49路,xml_by_line\178_49路,old_all_lines_xml,matsim-example-project\data\transit\fuzhou_bus_amap_mobile_timetables_all_lines_20260708\0093_49路,3,27,True,ok
4路,xml_by_line\179_4路,old_all_lines_xml,matsim-example-project\data\transit\fuzhou_bus_amap_mobile_timetables_all_lines_20260708\0004_4路,3,39,True,ok
50路,xml_by_line\180_50路,old_all_lines_xml,matsim-example-project\data\transit\fuzhou_bus_amap_mobile_timetables_all_lines_20260708\0074_50路,3,29,True,ok
511路,xml_by_line\181_511路,remaining_capture,matsim-example-project\data\transit\fuzhou_bus_amap_mobile_timetables_remaining_capture_20260708\0008_511路(闽侯客运中心--竹西村),1,6,True,ok
518路,xml_by_line\182_518路,remaining_capture,matsim-example-project\data\transit\fuzhou_bus_amap_mobile_timetables_remaining_capture_20260708\0009_518路(闽侯客运中心--地铁苏洋站),1,29,True,ok
518路支线,xml_by_line\183_518路支线,remaining_capture,matsim-example-project\data\transit\fuzhou_bus_amap_mobile_timetables_remaining_capture_20260708\0109_518路支线(闽侯客运中心--榕东村委),1,20,True,ok
51路,xml_by_line\184_51路,high_confidence_fix_capture,matsim-example-project\data\transit\fuzhou_bus_amap_mobile_timetables_high_confidence_fixes_capture_20260708\0014_51路(敬老线路)(火车站北广场--曙光支路东站),2,3,True,failed_or_marked
527路,xml_by_line\185_527路,remaining_capture,matsim-example-project\data\transit\fuzhou_bus_amap_mobile_timetables_remaining_capture_20260708\0050_527路(火车站北广场--森林公园站),1,3,True,failed_or_marked
529路,xml_by_line\186_529路,remaining_capture,matsim-example-project\data\transit\fuzhou_bus_amap_mobile_timetables_remaining_capture_20260708\0094_529路(福建商学院马尾校区--廨院公交总站),1,25,True,ok
52路,xml_by_line\187_52路,old_all_lines_xml,matsim-example-project\data\transit\fuzhou_bus_amap_mobile_timetables_all_lines_20260708\0030_52路,3,38,True,ok
530路,xml_by_line\188_530路,remaining_capture,matsim-example-project\data\transit\fuzhou_bus_amap_mobile_timetables_remaining_capture_20260708\0098_530路(船政路西--马尾青洲公交总站),1,21,True,ok
532路,xml_by_line\189_532路,remaining_capture,matsim-example-project\data\transit\fuzhou_bus_amap_mobile_timetables_remaining_capture_20260708\0099_532路(船政路西--马尾青洲公交总站),1,27,True,ok
537路,xml_by_line\190_537路,remaining_capture,matsim-example-project\data\transit\fuzhou_bus_amap_mobile_timetables_remaining_capture_20260708\0075_537路(顺华乌龙江大区--尤溪洲(东)停车场),1,25,True,ok
538路,xml_by_line\191_538路,remaining_capture,matsim-example-project\data\transit\fuzhou_bus_amap_mobile_timetables_remaining_capture_20260708\0077_538路(金牛山公园--大佳社区),1,24,True,ok
53路,xml_by_line\192_53路,high_confidence_fix_capture,matsim-example-project\data\transit\fuzhou_bus_amap_mobile_timetables_high_confidence_fixes_capture_20260708\0015_53路(敬老线路)(福州温泉博物馆--西山部队),2,3,True,failed_or_marked
54路,xml_by_line\193_54路,old_all_lines_xml,matsim-example-project\data\transit\fuzhou_bus_amap_mobile_timetables_all_lines_20260708\0055_54路,3,28,True,ok
551路,xml_by_line\194_551路,remaining_capture,matsim-example-project\data\transit\fuzhou_bus_amap_mobile_timetables_remaining_capture_20260708\0027_551路(公交大学城总站--两园兆元),1,8,True,failed_or_marked
55路快线,xml_by_line\195_55路快线,old_all_lines_xml,matsim-example-project\data\transit\fuzhou_bus_amap_mobile_timetables_all_lines_20260708\0079_55路快线,3,27,True,ok
56路,xml_by_line\196_56路,old_all_lines_xml,matsim-example-project\data\transit\fuzhou_bus_amap_mobile_timetables_all_lines_20260708\0031_56路,3,27,True,ok
57路,xml_by_line\197_57路,old_all_lines_xml,matsim-example-project\data\transit\fuzhou_bus_amap_mobile_timetables_all_lines_20260708\0083_57路,3,37,True,ok
57路区间,xml_by_line\198_57路区间,remaining_capture,matsim-example-project\data\transit\fuzhou_bus_amap_mobile_timetables_remaining_capture_20260708\0139_57路区间(连坂村--连坂村),1,4,True,failed_or_marked
58路,xml_by_line\199_58路,old_all_lines_xml,matsim-example-project\data\transit\fuzhou_bus_amap_mobile_timetables_all_lines_20260708\0087_58路,3,30,True,ok
58路区间,xml_by_line\200_58路区间,remaining_capture,matsim-example-project\data\transit\fuzhou_bus_amap_mobile_timetables_remaining_capture_20260708\0001_58路区间(马尾青洲公交总站--万科紫台),1,4,True,failed_or_marked
59路,xml_by_line\201_59路,old_all_lines_xml,matsim-example-project\data\transit\fuzhou_bus_amap_mobile_timetables_all_lines_20260708\0088_59路,3,28,True,ok
5路,xml_by_line\202_5路,old_all_lines_xml,matsim-example-project\data\transit\fuzhou_bus_amap_mobile_timetables_all_lines_20260708\0005_5路,3,30,True,ok
602路,xml_by_line\203_602路,remaining_capture,matsim-example-project\data\transit\fuzhou_bus_amap_mobile_timetables_remaining_capture_20260708\0004_602路(闽侯客运中心--工业区二期路口),1,3,True,failed_or_marked
606路,xml_by_line\204_606路,remaining_capture,matsim-example-project\data\transit\fuzhou_bus_amap_mobile_timetables_remaining_capture_20260708\0049_606路(闽侯客运中心--关西村里王),1,7,True,ok
607路,xml_by_line\205_607路,remaining_capture,matsim-example-project\data\transit\fuzhou_bus_amap_mobile_timetables_remaining_capture_20260708\0059_607路(三叠井--闽侯客运中心),1,20,True,ok
60路,xml_by_line\206_60路,old_all_lines_xml,matsim-example-project\data\transit\fuzhou_bus_amap_mobile_timetables_all_lines_20260708\0101_60路,3,34,True,ok
61路,xml_by_line\207_61路,old_all_lines_xml,matsim-example-project\data\transit\fuzhou_bus_amap_mobile_timetables_all_lines_20260708\0066_61路,3,34,True,ok
62路,xml_by_line\208_62路,old_all_lines_xml,matsim-example-project\data\transit\fuzhou_bus_amap_mobile_timetables_all_lines_20260708\0098_62路,3,27,True,ok
64路,xml_by_line\209_64路,old_all_lines_xml,matsim-example-project\data\transit\fuzhou_bus_amap_mobile_timetables_all_lines_20260708\0095_64路,3,29,True,ok
65路,xml_by_line\210_65路,old_all_lines_xml,matsim-example-project\data\transit\fuzhou_bus_amap_mobile_timetables_all_lines_20260708\0099_65路,3,35,True,ok
66路,xml_by_line\211_66路,old_all_lines_xml,matsim-example-project\data\transit\fuzhou_bus_amap_mobile_timetables_all_lines_20260708\0056_66路,3,27,True,ok
67路,xml_by_line\212_67路,old_all_lines_xml,matsim-example-project\data\transit\fuzhou_bus_amap_mobile_timetables_all_lines_20260708\0104_67路,3,27,True,ok
681路,xml_by_line\213_681路,remaining_capture,matsim-example-project\data\transit\fuzhou_bus_amap_mobile_timetables_remaining_capture_20260708\0127_681路(福州外语外贸学院--龙福机电交易市场),1,8,True,failed_or_marked
68路,xml_by_line\214_68路,old_all_lines_xml,matsim-example-project\data\transit\fuzhou_bus_amap_mobile_timetables_all_lines_20260708\0068_68路,3,27,True,ok
68路区间,xml_by_line\215_68路区间,remaining_capture,matsim-example-project\data\transit\fuzhou_bus_amap_mobile_timetables_remaining_capture_20260708\0134_68路区间(省人才公寓--象峰崇福寺),1,27,True,ok
69路,xml_by_line\216_69路,old_all_lines_xml,matsim-example-project\data\transit\fuzhou_bus_amap_mobile_timetables_all_lines_20260708\0058_69路,3,34,True,ok
6路,xml_by_line\217_6路,high_confidence_fix_capture,matsim-example-project\data\transit\fuzhou_bus_amap_mobile_timetables_high_confidence_fixes_capture_20260708\0016_6路(敬老线路)(公交仁德站--金山浦上公交枢纽站),2,3,True,failed_or_marked
707路,xml_by_line\218_707路,remaining_capture,matsim-example-project\data\transit\fuzhou_bus_amap_mobile_timetables_remaining_capture_20260708\0038_707路(闽侯客运中心--鸿尾客运站),1,8,True,failed_or_marked
707路支线,xml_by_line\219_707路支线,remaining_capture,matsim-example-project\data\transit\fuzhou_bus_amap_mobile_timetables_remaining_capture_20260708\0196_707路支线(闽侯客运中心--鸿尾村下堂),1,19,True,ok
70路,xml_by_line\220_70路,old_all_lines_xml,matsim-example-project\data\transit\fuzhou_bus_amap_mobile_timetables_all_lines_20260708\0065_70路,3,28,True,ok
711路,xml_by_line\221_711路,remaining_capture,matsim-example-project\data\transit\fuzhou_bus_amap_mobile_timetables_remaining_capture_20260708\0060_711路(大义--龙福机电交易市场),1,3,True,failed_or_marked
716路,xml_by_line\222_716路,remaining_capture,matsim-example-project\data\transit\fuzhou_bus_amap_mobile_timetables_remaining_capture_20260708\0011_716路(上岐村朱厝顶--白沙),1,4,True,failed_or_marked
71路,xml_by_line\223_71路,old_all_lines_xml,matsim-example-project\data\transit\fuzhou_bus_amap_mobile_timetables_all_lines_20260708\0064_71路,3,36,True,ok
72路,xml_by_line\224_72路,high_confidence_fix_capture,matsim-example-project\data\transit\fuzhou_bus_amap_mobile_timetables_high_confidence_fixes_capture_20260708\0017_72路(公交鹤林站--森林公园),2,3,True,failed_or_marked
730路,xml_by_line\225_730路,remaining_capture,matsim-example-project\data\transit\fuzhou_bus_amap_mobile_timetables_remaining_capture_20260708\0093_730路(高新大道南--阳光路东),1,8,True,failed_or_marked
73路,xml_by_line\226_73路,old_all_lines_xml,matsim-example-project\data\transit\fuzhou_bus_amap_mobile_timetables_all_lines_20260708\0053_73路,3,8,True,failed_or_marked
74路,xml_by_line\227_74路,old_all_lines_xml,matsim-example-project\data\transit\fuzhou_bus_amap_mobile_timetables_all_lines_20260708\0072_74路,3,38,True,ok
750路,xml_by_line\228_750路,remaining_capture,matsim-example-project\data\transit\fuzhou_bus_amap_mobile_timetables_remaining_capture_20260708\0008_750路(公交大学城总站--五都村口),1,8,True,failed_or_marked
75路,xml_by_line\229_75路,high_confidence_fix_capture,matsim-example-project\data\transit\fuzhou_bus_amap_mobile_timetables_high_confidence_fixes_capture_20260708\0018_75路(敬老线路)(淮安公交总站--火车站北广场),2,3,True,failed_or_marked
761路,xml_by_line\230_761路,remaining_capture,matsim-example-project\data\transit\fuzhou_bus_amap_mobile_timetables_remaining_capture_20260708\0170_761路(县法院--地铁苏洋站),1,23,True,ok
762路,xml_by_line\231_762路,remaining_capture,matsim-example-project\data\transit\fuzhou_bus_amap_mobile_timetables_remaining_capture_20260708\0171_762路(县法院--金牛山公园),1,3,True,failed_or_marked
763路快线,xml_by_line\232_763路快线,remaining_capture,matsim-example-project\data\transit\fuzhou_bus_amap_mobile_timetables_remaining_capture_20260708\0186_763路快线(火车南站西广场--福建农业职业技术学院),1,24,True,ok
765路,xml_by_line\233_765路,remaining_capture,matsim-example-project\data\transit\fuzhou_bus_amap_mobile_timetables_remaining_capture_20260708\0083_765路(甘蔗广场--青口公交总站),1,6,True,ok
766路,xml_by_line\234_766路,remaining_capture,matsim-example-project\data\transit\fuzhou_bus_amap_mobile_timetables_remaining_capture_20260708\0013_766路(闽侯经开区管委会--大数据科技园),1,4,True,failed_or_marked
766路区间,xml_by_line\235_766路区间,remaining_capture,matsim-example-project\data\transit\fuzhou_bus_amap_mobile_timetables_remaining_capture_20260708\0051_766路区间(省卫生职业技术学校--荆溪厚屿地铁站),1,4,True,failed_or_marked
767路,xml_by_line\236_767路,remaining_capture,matsim-example-project\data\transit\fuzhou_bus_amap_mobile_timetables_remaining_capture_20260708\0009_767路(闽江一号--闽侯客运中心),1,3,True,failed_or_marked
767路支线,xml_by_line\237_767路支线,remaining_capture,matsim-example-project\data\transit\fuzhou_bus_amap_mobile_timetables_remaining_capture_20260708\0050_767路支线(闽侯客运中心--闽侯县老年大学),1,4,True,failed_or_marked
7686烟台山公园专线,xml_by_line\238_7686烟台山公园专线,remaining_capture,matsim-example-project\data\transit\fuzhou_bus_amap_mobile_timetables_remaining_capture_20260708\0182_7686烟台山公园专线(高盖山公园北门--上藤地铁口),1,25,True,ok
7686路船政文化城旅游专线,xml_by_line\239_7686路船政文化城旅游专线,remaining_capture,matsim-example-project\data\transit\fuzhou_bus_amap_mobile_timetables_remaining_capture_20260708\0181_7686路船政文化城旅游专线(三坊七巷(澳门路)--马尾青洲公交总站),1,8,True,ok
7686闽江之心环线,xml_by_line\240_7686闽江之心环线,remaining_capture,matsim-example-project\data\transit\fuzhou_bus_amap_mobile_timetables_remaining_capture_20260708\0003_7686闽江之心环线(南园路--南园路),1,8,True,failed_or_marked
768路,xml_by_line\241_768路,remaining_capture,matsim-example-project\data\transit\fuzhou_bus_amap_mobile_timetables_remaining_capture_20260708\0018_768路(地铁苏洋站--榕璟),1,24,True,ok
769路,xml_by_line\242_769路,remaining_capture,matsim-example-project\data\transit\fuzhou_bus_amap_mobile_timetables_remaining_capture_20260708\0024_769路(上街玉皇宫--砂之船小镇5号门),1,4,True,failed_or_marked
76路,xml_by_line\243_76路,old_all_lines_xml,matsim-example-project\data\transit\fuzhou_bus_amap_mobile_timetables_all_lines_20260708\0052_76路,3,29,True,ok
770路,xml_by_line\244_770路,remaining_capture,matsim-example-project\data\transit\fuzhou_bus_amap_mobile_timetables_remaining_capture_20260708\0030_770路(新店镇政府--大数据科技园),1,18,True,ok
772路,xml_by_line\245_772路,remaining_capture,matsim-example-project\data\transit\fuzhou_bus_amap_mobile_timetables_remaining_capture_20260708\0059_772路(地铁苏洋站--岚口桥头),1,4,True,failed_or_marked
77路,xml_by_line\246_77路,old_all_lines_xml,matsim-example-project\data\transit\fuzhou_bus_amap_mobile_timetables_all_lines_20260708\0069_77路,3,28,True,ok
78路,xml_by_line\247_78路,old_all_lines_xml,matsim-example-project\data\transit\fuzhou_bus_amap_mobile_timetables_all_lines_20260708\0070_78路,3,8,True,failed_or_marked
79路,xml_by_line\248_79路,old_all_lines_xml,matsim-example-project\data\transit\fuzhou_bus_amap_mobile_timetables_all_lines_20260708\0060_79路,3,8,True,failed_or_marked
7路,xml_by_line\249_7路,old_all_lines_xml,matsim-example-project\data\transit\fuzhou_bus_amap_mobile_timetables_all_lines_20260708\0007_7路,3,38,True,ok
80路,xml_by_line\250_80路,old_all_lines_xml,matsim-example-project\data\transit\fuzhou_bus_amap_mobile_timetables_all_lines_20260708\0063_80路,3,28,True,ok
81路,xml_by_line\251_81路,old_all_lines_xml,matsim-example-project\data\transit\fuzhou_bus_amap_mobile_timetables_all_lines_20260708\0059_81路,3,27,True,ok
82路,xml_by_line\252_82路,old_all_lines_xml,matsim-example-project\data\transit\fuzhou_bus_amap_mobile_timetables_all_lines_20260708\0054_82路,3,29,True,ok
83路,xml_by_line\253_83路,old_all_lines_xml,matsim-example-project\data\transit\fuzhou_bus_amap_mobile_timetables_all_lines_20260708\0122_83路,3,33,True,ok
84路,xml_by_line\254_84路,old_all_lines_xml,matsim-example-project\data\transit\fuzhou_bus_amap_mobile_timetables_all_lines_20260708\0051_84路,3,33,True,ok
85路,xml_by_line\255_85路,old_all_lines_xml,matsim-example-project\data\transit\fuzhou_bus_amap_mobile_timetables_all_lines_20260708\0067_85路,3,29,True,ok
86路,xml_by_line\256_86路,old_all_lines_xml,matsim-example-project\data\transit\fuzhou_bus_amap_mobile_timetables_all_lines_20260708\0061_86路,3,33,True,ok
87路,xml_by_line\257_87路,old_all_lines_xml,matsim-example-project\data\transit\fuzhou_bus_amap_mobile_timetables_all_lines_20260708\0096_87路,3,29,True,ok
88路,xml_by_line\258_88路,old_all_lines_xml,matsim-example-project\data\transit\fuzhou_bus_amap_mobile_timetables_all_lines_20260708\0057_88路,3,33,True,ok
89路,xml_by_line\259_89路,old_all_lines_xml,matsim-example-project\data\transit\fuzhou_bus_amap_mobile_timetables_all_lines_20260708\0108_89路,3,27,True,ok
8路,xml_by_line\260_8路,old_all_lines_xml,matsim-example-project\data\transit\fuzhou_bus_amap_mobile_timetables_all_lines_20260708\0008_8路,3,27,True,ok
905路,xml_by_line\261_905路,remaining_capture,matsim-example-project\data\transit\fuzhou_bus_amap_mobile_timetables_remaining_capture_20260708\0073_905路(招呼站--闽侯客运中心),1,19,True,ok
90路,xml_by_line\262_90路,old_all_lines_xml,matsim-example-project\data\transit\fuzhou_bus_amap_mobile_timetables_all_lines_20260708\0071_90路,3,28,True,ok
91路,xml_by_line\263_91路,old_all_lines_xml,matsim-example-project\data\transit\fuzhou_bus_amap_mobile_timetables_all_lines_20260708\0032_91路,3,33,True,ok
922路,xml_by_line\264_922路,remaining_capture,matsim-example-project\data\transit\fuzhou_bus_amap_mobile_timetables_remaining_capture_20260708\0002_922路(厚庭地铁口--南屿公交站),1,24,True,ok
92路,xml_by_line\265_92路,old_all_lines_xml,matsim-example-project\data\transit\fuzhou_bus_amap_mobile_timetables_all_lines_20260708\0112_92路,3,34,True,ok
93路,xml_by_line\266_93路,old_all_lines_xml,matsim-example-project\data\transit\fuzhou_bus_amap_mobile_timetables_all_lines_20260708\0073_93路,3,33,True,ok
95路,xml_by_line\267_95路,old_all_lines_xml,matsim-example-project\data\transit\fuzhou_bus_amap_mobile_timetables_all_lines_20260708\0110_95路,3,28,True,ok
96路,xml_by_line\268_96路,old_all_lines_xml,matsim-example-project\data\transit\fuzhou_bus_amap_mobile_timetables_all_lines_20260708\0077_96路,3,27,True,ok
97路,xml_by_line\269_97路,old_all_lines_xml,matsim-example-project\data\transit\fuzhou_bus_amap_mobile_timetables_all_lines_20260708\0062_97路,3,33,True,ok
98路,xml_by_line\270_98路,old_all_lines_xml,matsim-example-project\data\transit\fuzhou_bus_amap_mobile_timetables_all_lines_20260708\0111_98路,3,27,True,ok
9路,xml_by_line\271_9路,old_all_lines_xml,matsim-example-project\data\transit\fuzhou_bus_amap_mobile_timetables_all_lines_20260708\0009_9路,3,28,True,ok
K1路,xml_by_line\272_K1路,old_all_lines_xml,matsim-example-project\data\transit\fuzhou_bus_amap_mobile_timetables_all_lines_20260708\0100_K1路,3,29,True,ok
K2路,xml_by_line\273_K2路,old_all_lines_xml,matsim-example-project\data\transit\fuzhou_bus_amap_mobile_timetables_all_lines_20260708\0015_K2路,3,30,True,ok
K3路,xml_by_line\274_K3路,old_all_lines_xml,matsim-example-project\data\transit\fuzhou_bus_amap_mobile_timetables_all_lines_20260708\0019_K3路,3,27,True,ok
M1路,xml_by_line\275_M1路,remaining_capture,matsim-example-project\data\transit\fuzhou_bus_amap_mobile_timetables_remaining_capture_20260708\0100_M1路(福州保税区--快安公交站),1,33,True,ok
M2路,xml_by_line\276_M2路,remaining_capture,matsim-example-project\data\transit\fuzhou_bus_amap_mobile_timetables_remaining_capture_20260708\0133_M2路(火车南站西广场--马尾青洲公交总站),1,31,True,ok
M3路,xml_by_line\277_M3路,remaining_capture,matsim-example-project\data\transit\fuzhou_bus_amap_mobile_timetables_remaining_capture_20260708\0135_M3路(鼓山公交总站--马尾青洲公交总站),1,26,True,ok
M5路,xml_by_line\278_M5路,remaining_capture,matsim-example-project\data\transit\fuzhou_bus_amap_mobile_timetables_remaining_capture_20260708\0174_M5路(魁岐佳园--船坞边路),1,8,True,failed_or_marked
M6路高峰快线,xml_by_line\279_M6路高峰快线,remaining_capture,matsim-example-project\data\transit\fuzhou_bus_amap_mobile_timetables_remaining_capture_20260708\0056_M6路高峰快线(快安公交站--福州理工学院马尾校区),1,8,True,failed_or_marked
东部10号线,xml_by_line\280_东部10号线,remaining_capture,matsim-example-project\data\transit\fuzhou_bus_amap_mobile_timetables_remaining_capture_20260708\0015_东部10号线(福州金山中学--东部办公区),1,10,True,ok
东部13号线,xml_by_line\281_东部13号线,remaining_capture,matsim-example-project\data\transit\fuzhou_bus_amap_mobile_timetables_remaining_capture_20260708\0141_东部13号线(鹤林新城专线)(公交鹤林站--东部办公区),1,6,True,ok
东部14号线,xml_by_line\282_东部14号线,remaining_capture,matsim-example-project\data\transit\fuzhou_bus_amap_mobile_timetables_remaining_capture_20260708\0101_东部14号线(北环专线)(东部办公区--天泉路口),1,8,True,failed_or_marked
东部15号线,xml_by_line\283_东部15号线,remaining_capture,matsim-example-project\data\transit\fuzhou_bus_amap_mobile_timetables_remaining_capture_20260708\0102_东部15号线(北环专线)(北尚新宿小区--东部办公区),1,8,True,failed_or_marked
东部17号线,xml_by_line\284_东部17号线,remaining_capture,matsim-example-project\data\transit\fuzhou_bus_amap_mobile_timetables_remaining_capture_20260708\0053_东部17号线(郭厝里专线)(阵北洪塘路口--东部办公区(东部专线北侧上下点)),1,8,True,failed_or_marked
东部18号线,xml_by_line\285_东部18号线,remaining_capture,matsim-example-project\data\transit\fuzhou_bus_amap_mobile_timetables_remaining_capture_20260708\0068_东部18号线(金山金桔(金桔路)--东部办公区),1,4,True,failed_or_marked
东部1号线,xml_by_line\286_东部1号线,remaining_capture,matsim-example-project\data\transit\fuzhou_bus_amap_mobile_timetables_remaining_capture_20260708\0153_东部1号线(东部办公区--公交仁德站),1,15,True,ok
东部20号线,xml_by_line\287_东部20号线,remaining_capture,matsim-example-project\data\transit\fuzhou_bus_amap_mobile_timetables_remaining_capture_20260708\0104_东部20号线(白湖亭--东部办公区),1,5,True,ok
东部22号线,xml_by_line\288_东部22号线,remaining_capture,matsim-example-project\data\transit\fuzhou_bus_amap_mobile_timetables_remaining_capture_20260708\0138_东部22号线(工作日班车)(东部办公区--融信第一城),1,4,True,failed_or_marked
东部23号线,xml_by_line\289_东部23号线,remaining_capture,matsim-example-project\data\transit\fuzhou_bus_amap_mobile_timetables_remaining_capture_20260708\0017_东部23号线(左海公园西门--东部办公区(石碑兜)),1,4,True,failed_or_marked
东部24号线,xml_by_line\290_东部24号线,remaining_capture,matsim-example-project\data\transit\fuzhou_bus_amap_mobile_timetables_remaining_capture_20260708\0026_东部24号线(温泉小学--福州规划馆),1,6,True,ok
东部25号线,xml_by_line\291_东部25号线,remaining_capture,matsim-example-project\data\transit\fuzhou_bus_amap_mobile_timetables_remaining_capture_20260708\0118_东部25号线(厚美村--东部办公区),1,8,True,failed_or_marked
东部26号线,xml_by_line\292_东部26号线,remaining_capture,matsim-example-project\data\transit\fuzhou_bus_amap_mobile_timetables_remaining_capture_20260708\0116_东部26号线(卫生厅专线)(省卫健委--东部办公区),1,8,True,failed_or_marked
东部27号线,xml_by_line\293_东部27号线,remaining_capture,matsim-example-project\data\transit\fuzhou_bus_amap_mobile_timetables_remaining_capture_20260708\0021_东部27号线(大学城专线)(东部办公区--春江御园),1,3,True,failed_or_marked
东部28号线,xml_by_line\294_东部28号线,remaining_capture,matsim-example-project\data\transit\fuzhou_bus_amap_mobile_timetables_remaining_capture_20260708\0158_东部28号线(福道6号口--东部办公区),1,4,True,failed_or_marked
东部29号线,xml_by_line\295_东部29号线,remaining_capture,matsim-example-project\data\transit\fuzhou_bus_amap_mobile_timetables_remaining_capture_20260708\0173_东部29号线(马尾专线)(东部办公区--马尾青洲公交总站),1,19,True,ok
东部2号线,xml_by_line\296_东部2号线,remaining_capture,matsim-example-project\data\transit\fuzhou_bus_amap_mobile_timetables_remaining_capture_20260708\0071_东部2号线(东部办公区--东部办公区上车点(西洋)),1,4,True,failed_or_marked
东部31号线,xml_by_line\297_东部31号线,remaining_capture,matsim-example-project\data\transit\fuzhou_bus_amap_mobile_timetables_remaining_capture_20260708\0157_东部31号线(保福专线)(保福--东部办公区),1,8,True,failed_or_marked
东部33号线,xml_by_line\298_东部33号线,remaining_capture,matsim-example-project\data\transit\fuzhou_bus_amap_mobile_timetables_remaining_capture_20260708\0159_东部33号线(海峡妇女儿童中心--东部办公区),1,12,True,ok
东部34号线,xml_by_line\299_东部34号线,remaining_capture,matsim-example-project\data\transit\fuzhou_bus_amap_mobile_timetables_remaining_capture_20260708\0043_东部34号线(后山村--东部办公区),1,8,True,failed_or_marked
东部36号专线,xml_by_line\300_东部36号专线,remaining_capture,matsim-example-project\data\transit\fuzhou_bus_amap_mobile_timetables_remaining_capture_20260708\0020_东部36号专线(东部办公区--中溪),1,8,True,failed_or_marked
东部37号线,xml_by_line\301_东部37号线,remaining_capture,matsim-example-project\data\transit\fuzhou_bus_amap_mobile_timetables_remaining_capture_20260708\0070_东部37号线(福州规划馆--古三座),1,3,True,failed_or_marked
东部38号专线,xml_by_line\302_东部38号专线,remaining_capture,matsim-example-project\data\transit\fuzhou_bus_amap_mobile_timetables_remaining_capture_20260708\0069_东部38号专线(东部办公区(江边洲路)--市政府加洋路停靠点),1,4,True,failed_or_marked
东部4号线,xml_by_line\303_东部4号线,remaining_capture,matsim-example-project\data\transit\fuzhou_bus_amap_mobile_timetables_remaining_capture_20260708\0120_东部4号线(西门--东部办公区),1,8,True,failed_or_marked
东部6号线,xml_by_line\304_东部6号线,remaining_capture,matsim-example-project\data\transit\fuzhou_bus_amap_mobile_timetables_remaining_capture_20260708\0121_东部6号线(西门专线)(西门--东部办公区),1,3,True,failed_or_marked
东部7号线,xml_by_line\305_东部7号线,remaining_capture,matsim-example-project\data\transit\fuzhou_bus_amap_mobile_timetables_remaining_capture_20260708\0155_东部7号线(洪山梁厝专线)(九〇〇分院--东部办公区),1,4,True,failed_or_marked
东部8号线,xml_by_line\306_东部8号线,remaining_capture,matsim-example-project\data\transit\fuzhou_bus_amap_mobile_timetables_remaining_capture_20260708\0156_东部8号线(洪山梁厝专线)(福道6号口站--东部办公区),1,11,True,ok
地铁接驳13号专线,xml_by_line\307_地铁接驳13号专线,remaining_capture,matsim-example-project\data\transit\fuzhou_bus_amap_mobile_timetables_remaining_capture_20260708\0061_地铁接驳13号专线(洪塘公交总站--马榕地铁站),1,26,True,ok
地铁接驳14号专线,xml_by_line\308_地铁接驳14号专线,remaining_capture,matsim-example-project\data\transit\fuzhou_bus_amap_mobile_timetables_remaining_capture_20260708\0049_地铁接驳14号专线(埠兴路--安铺村),1,4,True,failed_or_marked
地铁接驳15号专线,xml_by_line\309_地铁接驳15号专线,remaining_capture,matsim-example-project\data\transit\fuzhou_bus_amap_mobile_timetables_remaining_capture_20260708\0143_地铁接驳15号专线(省幼儿高专--上藤地铁口),1,26,True,ok
地铁接驳17号专线,xml_by_line\310_地铁接驳17号专线,remaining_capture,matsim-example-project\data\transit\fuzhou_bus_amap_mobile_timetables_remaining_capture_20260708\0145_地铁接驳17号专线(省人才公寓--火车站北广场),1,8,True,failed_or_marked
地铁接驳18号专线,xml_by_line\311_地铁接驳18号专线,remaining_capture,matsim-example-project\data\transit\fuzhou_bus_amap_mobile_timetables_remaining_capture_20260708\0146_地铁接驳18号专线(敬老线路)(天御城--王庄公交总站),1,4,True,failed_or_marked
地铁接驳1号专线,xml_by_line\312_地铁接驳1号专线,remaining_capture,matsim-example-project\data\transit\fuzhou_bus_amap_mobile_timetables_remaining_capture_20260708\0129_地铁接驳1号专线(金山浦上公交枢纽站--市军休中心),1,3,True,failed_or_marked
地铁接驳20号专线,xml_by_line\313_地铁接驳20号专线,remaining_capture,matsim-example-project\data\transit\fuzhou_bus_amap_mobile_timetables_remaining_capture_20260708\0148_地铁接驳20号专线(公交苍霞站--市博物馆),1,27,True,ok
地铁接驳21号专线,xml_by_line\314_地铁接驳21号专线,remaining_capture,matsim-example-project\data\transit\fuzhou_bus_amap_mobile_timetables_remaining_capture_20260708\0152_地铁接驳21号专线(竹楼--火车南站东广场),1,26,True,ok
地铁接驳22号专线,xml_by_line\315_地铁接驳22号专线,remaining_capture,matsim-example-project\data\transit\fuzhou_bus_amap_mobile_timetables_remaining_capture_20260708\0154_地铁接驳22号专线(敬老线路)(台江体育公园--鼓四村),1,8,True,failed_or_marked
地铁接驳23号专线,xml_by_line\316_地铁接驳23号专线,remaining_capture,matsim-example-project\data\transit\fuzhou_bus_amap_mobile_timetables_remaining_capture_20260708\0160_地铁接驳23号专线(潭桥公交总站--王庄公交总站),1,26,True,ok
地铁接驳24号专线,xml_by_line\317_地铁接驳24号专线,remaining_capture,matsim-example-project\data\transit\fuzhou_bus_amap_mobile_timetables_remaining_capture_20260708\0169_地铁接驳24号专线(三江口植物园--下洋地铁站),1,4,True,failed_or_marked
地铁接驳26号专线,xml_by_line\318_地铁接驳26号专线,remaining_capture,matsim-example-project\data\transit\fuzhou_bus_amap_mobile_timetables_remaining_capture_20260708\0189_地铁接驳26号专线(福州商贸职专--城门),1,19,True,ok
地铁接驳27号专线,xml_by_line\319_地铁接驳27号专线,old_all_lines_xml,matsim-example-project\data\transit\fuzhou_bus_amap_mobile_timetables_all_lines_20260708\0075_地铁接驳27号专线,3,29,True,ok
地铁接驳28号专线,xml_by_line\320_地铁接驳28号专线,remaining_capture,matsim-example-project\data\transit\fuzhou_bus_amap_mobile_timetables_remaining_capture_20260708\0031_地铁接驳28号专线(软件园公交总站--金牛山公园),1,4,True,failed_or_marked
地铁接驳29号专线,xml_by_line\321_地铁接驳29号专线,remaining_capture,matsim-example-project\data\transit\fuzhou_bus_amap_mobile_timetables_remaining_capture_20260708\0035_地铁接驳29号专线(樟岚公交总站--清华附中小学二部),1,9,True,failed_or_marked
地铁接驳29号专线内环,xml_by_line\322_地铁接驳29号专线内环,remaining_capture,matsim-example-project\data\transit\fuzhou_bus_amap_mobile_timetables_remaining_capture_20260708\0032_地铁接驳29号专线内环(清华附中小学二部--樟岚公交总站),1,4,True,failed_or_marked
地铁接驳2号专线,xml_by_line\323_地铁接驳2号专线,remaining_capture,matsim-example-project\data\transit\fuzhou_bus_amap_mobile_timetables_remaining_capture_20260708\0130_地铁接驳2号专线(洪塘公交总站--省立医院南院),1,4,True,failed_or_marked
地铁接驳31号专线,xml_by_line\324_地铁接驳31号专线,remaining_capture,matsim-example-project\data\transit\fuzhou_bus_amap_mobile_timetables_remaining_capture_20260708\0039_地铁接驳31号专线(远洋--前横路),1,4,True,failed_or_marked
地铁接驳3号专线,xml_by_line\325_地铁接驳3号专线,remaining_capture,matsim-example-project\data\transit\fuzhou_bus_amap_mobile_timetables_remaining_capture_20260708\0060_地铁接驳3号专线(洪塘公交总站--金山金桔站),1,4,True,failed_or_marked
地铁接驳5号专线,xml_by_line\326_地铁接驳5号专线,remaining_capture,matsim-example-project\data\transit\fuzhou_bus_amap_mobile_timetables_remaining_capture_20260708\0136_地铁接驳5号专线(淮安高沙--桔园洲港湾站),1,3,True,failed_or_marked
地铁接驳6号专线,xml_by_line\327_地铁接驳6号专线,remaining_capture,matsim-example-project\data\transit\fuzhou_bus_amap_mobile_timetables_remaining_capture_20260708\0199_地铁接驳6号专线(华威花花世界--东斗),1,4,True,failed_or_marked
地铁接驳8号专线,xml_by_line\328_地铁接驳8号专线,remaining_capture,matsim-example-project\data\transit\fuzhou_bus_amap_mobile_timetables_remaining_capture_20260708\0140_地铁接驳8号专线(奥体路公交总站--金山体育场),1,28,True,ok
地铁接驳9号专线,xml_by_line\329_地铁接驳9号专线,remaining_capture,matsim-example-project\data\transit\fuzhou_bus_amap_mobile_timetables_remaining_capture_20260708\0047_地铁接驳9号专线(登云四季--登云四季),1,4,True,failed_or_marked
地铁江南水都接驳专线,xml_by_line\330_地铁江南水都接驳专线,remaining_capture,matsim-example-project\data\transit\fuzhou_bus_amap_mobile_timetables_remaining_capture_20260708\0064_地铁江南水都接驳专线(横江路东--金山体育场),1,8,True,failed_or_marked
地铁烟台山接驳环线,xml_by_line\331_地铁烟台山接驳环线,remaining_capture,matsim-example-project\data\transit\fuzhou_bus_amap_mobile_timetables_remaining_capture_20260708\0055_地铁烟台山接驳环线(上藤地铁口--上藤地铁口),1,4,True,failed_or_marked
地铁熊猫世界接驳环线,xml_by_line\332_地铁熊猫世界接驳环线,remaining_capture,matsim-example-project\data\transit\fuzhou_bus_amap_mobile_timetables_remaining_capture_20260708\0062_地铁熊猫世界接驳环线(陆庄地铁站B口站--陆庄地铁站B口),1,4,True,failed_or_marked
夜班2号线,xml_by_line\333_夜班2号线,old_all_lines_xml,matsim-example-project\data\transit\fuzhou_bus_amap_mobile_timetables_all_lines_20260708\0103_夜班2号线,3,8,True,failed_or_marked
大学城2号环线,xml_by_line\334_大学城2号环线,remaining_capture,matsim-example-project\data\transit\fuzhou_bus_amap_mobile_timetables_remaining_capture_20260708\0006_大学城2号环线(上行)(福州科技职业技术学院站--公交大学城总站),1,4,True,failed_or_marked
捷坂线,xml_by_line\335_捷坂线,remaining_capture,matsim-example-project\data\transit\fuzhou_bus_amap_mobile_timetables_remaining_capture_20260708\0125_捷坂线(捷坂--新店永辉),1,4,True,failed_or_marked
旅游专线1路,xml_by_line\336_旅游专线1路,remaining_capture,matsim-example-project\data\transit\fuzhou_bus_amap_mobile_timetables_remaining_capture_20260708\0167_旅游专线1路(长乐旅游集散中心--湿地博物馆),1,6,True,ok
樟13路,xml_by_line\337_樟13路,remaining_capture,matsim-example-project\data\transit\fuzhou_bus_amap_mobile_timetables_remaining_capture_20260708\0070_樟13路(金山公交站--永泰动车站),1,5,True,ok
永泰旅游专线,xml_by_line\338_永泰旅游专线,remaining_capture,matsim-example-project\data\transit\fuzhou_bus_amap_mobile_timetables_remaining_capture_20260708\0004_永泰旅游专线(闽运线)(香米拉酒店--西二环配客站),1,3,True,failed_or_marked
滨海三号线,xml_by_line\339_滨海三号线,remaining_capture,matsim-example-project\data\transit\fuzhou_bus_amap_mobile_timetables_remaining_capture_20260708\0041_滨海三号线(金山金桔站--中国东南大数据产业园),1,9,True,ok
滨海十三号线,xml_by_line\340_滨海十三号线,remaining_capture,matsim-example-project\data\transit\fuzhou_bus_amap_mobile_timetables_remaining_capture_20260708\0198_滨海十三号线(漳港--火车站北广场),1,3,True,failed_or_marked
滨海十二号线,xml_by_line\341_滨海十二号线,remaining_capture,matsim-example-project\data\transit\fuzhou_bus_amap_mobile_timetables_remaining_capture_20260708\0197_滨海十二号线(漳港--火车南站),1,8,True,failed_or_marked
琅岐公交旅游专线,xml_by_line\342_琅岐公交旅游专线,remaining_capture,matsim-example-project\data\transit\fuzhou_bus_amap_mobile_timetables_remaining_capture_20260708\0067_琅岐公交旅游专线(火车站南广场--红蟳公社),1,0,True,failed_or_marked
空港快线三坊七巷专线,xml_by_line\343_空港快线三坊七巷专线,remaining_capture,matsim-example-project\data\transit\fuzhou_bus_amap_mobile_timetables_remaining_capture_20260708\0081_空港快线三坊七巷专线(三坊七巷(营房里)--空港快线长乐机场站),1,4,True,failed_or_marked
空港快线东二环泰禾凯宾斯基酒店专线,xml_by_line\344_空港快线东二环泰禾凯宾斯基酒店专线,remaining_capture,matsim-example-project\data\transit\fuzhou_bus_amap_mobile_timetables_remaining_capture_20260708\0078_空港快线东二环泰禾凯宾斯基酒店专线(空港快线长乐机场站--空港快线东二环凯宾斯基站),1,25,True,ok
空港快线仓山师大专线,xml_by_line\345_空港快线仓山师大专线,remaining_capture,matsim-example-project\data\transit\fuzhou_bus_amap_mobile_timetables_remaining_capture_20260708\0092_空港快线仓山师大专线(仓山师大--空港快线长乐机场站),1,4,True,failed_or_marked
空港快线怡山梅园专线,xml_by_line\346_空港快线怡山梅园专线,remaining_capture,matsim-example-project\data\transit\fuzhou_bus_amap_mobile_timetables_remaining_capture_20260708\0089_空港快线怡山梅园专线(空港快线怡山梅园站--空港快线长乐机场站),1,3,True,failed_or_marked
空港快线梅园国际大酒店专线,xml_by_line\347_空港快线梅园国际大酒店专线,remaining_capture,matsim-example-project\data\transit\fuzhou_bus_amap_mobile_timetables_remaining_capture_20260708\0091_空港快线梅园国际大酒店专线(空港快线光明港梅园酒店站--空港快线长乐机场站),1,4,True,failed_or_marked
空港快线海峡都市报专线,xml_by_line\348_空港快线海峡都市报专线,remaining_capture,matsim-example-project\data\transit\fuzhou_bus_amap_mobile_timetables_remaining_capture_20260708\0128_空港快线海峡都市报专线(海峡都市报社--长乐国际机场候机楼),1,3,True,failed_or_marked
空港快线火车南站专线,xml_by_line\349_空港快线火车南站专线,remaining_capture,matsim-example-project\data\transit\fuzhou_bus_amap_mobile_timetables_remaining_capture_20260708\0057_空港快线火车南站专线(福州南站西广场--空港快线长乐机场站),1,8,True,failed_or_marked
空港快线火车站专线,xml_by_line\350_空港快线火车站专线,remaining_capture,matsim-example-project\data\transit\fuzhou_bus_amap_mobile_timetables_remaining_capture_20260708\0056_空港快线火车站专线(福州长乐国际机场--火车站北广场站),1,3,True,failed_or_marked
空港快线锦颐大酒店专线,xml_by_line\351_空港快线锦颐大酒店专线,remaining_capture,matsim-example-project\data\transit\fuzhou_bus_amap_mobile_timetables_remaining_capture_20260708\0015_空港快线锦颐大酒店专线(锦颐大酒店--福州机场站),1,4,True,failed_or_marked
空港快线闽江饭店专线,xml_by_line\352_空港快线闽江饭店专线,remaining_capture,matsim-example-project\data\transit\fuzhou_bus_amap_mobile_timetables_remaining_capture_20260708\0124_空港快线闽江饭店专线(空港快线长乐机场站--空港快线闽江饭店站),1,3,True,failed_or_marked
空港快线阿弥陀佛大饭店专线,xml_by_line\353_空港快线阿弥陀佛大饭店专线,remaining_capture,matsim-example-project\data\transit\fuzhou_bus_amap_mobile_timetables_remaining_capture_20260708\0048_空港快线阿弥陀佛大饭店专线(金山正祥--空港快线长乐机场站),1,8,True,failed_or_marked
螺洲吴石故居接驳专线,xml_by_line\354_螺洲吴石故居接驳专线,remaining_capture,matsim-example-project\data\transit\fuzhou_bus_amap_mobile_timetables_remaining_capture_20260708\0066_螺洲吴石故居接驳专线(螺洲古镇--杜园山),1,3,True,failed_or_marked
贵安旅游2号专线,xml_by_line\355_贵安旅游2号专线,remaining_capture,matsim-example-project\data\transit\fuzhou_bus_amap_mobile_timetables_remaining_capture_20260708\0063_贵安旅游2号专线(汽车南站)(贵安新天地--尤溪洲(西)公交站),1,23,True,ok
贵安旅游6号线,xml_by_line\356_贵安旅游6号线,remaining_capture,matsim-example-project\data\transit\fuzhou_bus_amap_mobile_timetables_remaining_capture_20260708\0090_贵安旅游6号线(义井公交总站--福州理工学院),1,0,True,failed_or_marked
贵安旅游7号专线,xml_by_line\357_贵安旅游7号专线,remaining_capture,matsim-example-project\data\transit\fuzhou_bus_amap_mobile_timetables_remaining_capture_20260708\0095_贵安旅游7号专线(火车站南广场)(火车站南广场站--贵安新天地站),1,26,True,ok
贵安旅游8号专线,xml_by_line\358_贵安旅游8号专线,remaining_capture,matsim-example-project\data\transit\fuzhou_bus_amap_mobile_timetables_remaining_capture_20260708\0113_贵安旅游8号专线(贵安新天地--火车站北广场),1,27,True,ok
通勤快线11路,xml_by_line\359_通勤快线11路,remaining_capture,matsim-example-project\data\transit\fuzhou_bus_amap_mobile_timetables_remaining_capture_20260708\0190_通勤快线11路(软件园鲲鹏大厦--晋安体育馆),1,13,True,ok
通勤快线12路,xml_by_line\360_通勤快线12路,remaining_capture,matsim-example-project\data\transit\fuzhou_bus_amap_mobile_timetables_remaining_capture_20260708\0187_通勤快线12路(省妇幼保健院--上柳路北),1,4,True,failed_or_marked
通勤快线13路,xml_by_line\361_通勤快线13路,remaining_capture,matsim-example-project\data\transit\fuzhou_bus_amap_mobile_timetables_remaining_capture_20260708\0188_通勤快线13路(齐安公交总站--一都镇状元街),1,4,True,failed_or_marked
通勤快线14路,xml_by_line\362_通勤快线14路,remaining_capture,matsim-example-project\data\transit\fuzhou_bus_amap_mobile_timetables_remaining_capture_20260708\0046_通勤快线14路(乌龙江公园管理处--桔园洲港湾站),1,8,True,failed_or_marked
通勤快线15路,xml_by_line\363_通勤快线15路,remaining_capture,matsim-example-project\data\transit\fuzhou_bus_amap_mobile_timetables_remaining_capture_20260708\0195_通勤快线15路(茶会小区--芯园路西),1,5,True,ok
通勤快线16路,xml_by_line\364_通勤快线16路,remaining_capture,matsim-example-project\data\transit\fuzhou_bus_amap_mobile_timetables_remaining_capture_20260708\0200_通勤快线16路(金山地铁站D口--软件园公交总站),1,17,True,ok
通勤快线17路,xml_by_line\365_通勤快线17路,remaining_capture,matsim-example-project\data\transit\fuzhou_bus_amap_mobile_timetables_remaining_capture_20260708\0063_通勤快线17路(软件园公交总站--软件园E区),1,4,True,failed_or_marked
通勤快线18路,xml_by_line\366_通勤快线18路,remaining_capture,matsim-example-project\data\transit\fuzhou_bus_amap_mobile_timetables_remaining_capture_20260708\0014_通勤快线18路(鹤林新城--桐南村),1,6,True,ok
通勤快线1路,xml_by_line\367_通勤快线1路,remaining_capture,matsim-example-project\data\transit\fuzhou_bus_amap_mobile_timetables_remaining_capture_20260708\0165_通勤快线1路(天泉路口--福建省档案馆(建平村)),1,6,True,ok
通勤快线20路,xml_by_line\368_通勤快线20路,remaining_capture,matsim-example-project\data\transit\fuzhou_bus_amap_mobile_timetables_remaining_capture_20260708\0023_通勤快线20路(满洋路--地铁新店车辆基地),1,10,True,ok
通勤快线22路,xml_by_line\369_通勤快线22路,remaining_capture,matsim-example-project\data\transit\fuzhou_bus_amap_mobile_timetables_remaining_capture_20260708\0033_通勤快线22路(城门--前锦),1,5,True,ok
通勤快线23,xml_by_line\370_通勤快线23,remaining_capture,matsim-example-project\data\transit\fuzhou_bus_amap_mobile_timetables_remaining_capture_20260708\0034_通勤快线23(三环纵一号路口--桥南环岛),1,18,True,ok
通勤快线24路,xml_by_line\371_通勤快线24路,remaining_capture,matsim-example-project\data\transit\fuzhou_bus_amap_mobile_timetables_remaining_capture_20260708\0040_通勤快线24路(软件园鲲鹏大厦--屏山),1,14,True,ok
通勤快线25路,xml_by_line\372_通勤快线25路,remaining_capture,matsim-example-project\data\transit\fuzhou_bus_amap_mobile_timetables_remaining_capture_20260708\0036_通勤快线25路(晋安社会福利中心--地铁象峰站),1,8,True,failed_or_marked
通勤快线27路,xml_by_line\373_通勤快线27路,remaining_capture,matsim-example-project\data\transit\fuzhou_bus_amap_mobile_timetables_remaining_capture_20260708\0044_通勤快线27路(福建开放大学桂山校区--东街口),1,3,True,failed_or_marked
通勤快线2路,xml_by_line\374_通勤快线2路,remaining_capture,matsim-example-project\data\transit\fuzhou_bus_amap_mobile_timetables_remaining_capture_20260708\0161_通勤快线2路(滨城民俗路口站--软件园公交总站),1,19,True,ok
通勤快线3路,xml_by_line\375_通勤快线3路,remaining_capture,matsim-example-project\data\transit\fuzhou_bus_amap_mobile_timetables_remaining_capture_20260708\0045_通勤快线3路(软件园鲲鹏大厦--检察官学院(岭下)),1,4,True,failed_or_marked
通勤快线4路,xml_by_line\376_通勤快线4路,remaining_capture,matsim-example-project\data\transit\fuzhou_bus_amap_mobile_timetables_remaining_capture_20260708\0162_通勤快线4路(金港路口--软件园公交总站),1,8,True,failed_or_marked
通勤快线5路,xml_by_line\377_通勤快线5路,remaining_capture,matsim-example-project\data\transit\fuzhou_bus_amap_mobile_timetables_remaining_capture_20260708\0183_通勤快线5路(省少管所(窗厦)--检察官学院(岭下)),1,5,True,ok
通勤快线7路,xml_by_line\378_通勤快线7路,remaining_capture,matsim-example-project\data\transit\fuzhou_bus_amap_mobile_timetables_remaining_capture_20260708\0057_通勤快线7路(鑫图光电--软件园鲲鹏大厦),1,4,True,failed_or_marked
通勤快线8路,xml_by_line\379_通勤快线8路,remaining_capture,matsim-example-project\data\transit\fuzhou_bus_amap_mobile_timetables_remaining_capture_20260708\0172_通勤快线8路(公交仁德站--省疾控中心),1,10,True,ok
通勤快线9路,xml_by_line\380_通勤快线9路,remaining_capture,matsim-example-project\data\transit\fuzhou_bus_amap_mobile_timetables_remaining_capture_20260708\0179_通勤快线9路(省委党校小柳校区--省委党校新校区),1,6,True,ok
通学专线1路,xml_by_line\381_通学专线1路,remaining_capture,matsim-example-project\data\transit\fuzhou_bus_amap_mobile_timetables_remaining_capture_20260708\0191_通学专线1路(公交福湾站--仓山区实验中学),1,8,True,failed_or_marked
通学专线2路,xml_by_line\382_通学专线2路,remaining_capture,matsim-example-project\data\transit\fuzhou_bus_amap_mobile_timetables_remaining_capture_20260708\0065_通学专线2路(东山村--茶会小区),1,8,True,failed_or_marked
通学专线4路,xml_by_line\383_通学专线4路,remaining_capture,matsim-example-project\data\transit\fuzhou_bus_amap_mobile_timetables_remaining_capture_20260708\0019_通学专线4路(正祥香槟风范--淮安会议中心),1,8,True,failed_or_marked
通学专线6路,xml_by_line\384_通学专线6路,remaining_capture,matsim-example-project\data\transit\fuzhou_bus_amap_mobile_timetables_remaining_capture_20260708\0037_通学专线6路(横屿路--晋安榕博小学(东区)),1,13,True,ok
通学专线7路,xml_by_line\385_通学专线7路,remaining_capture,matsim-example-project\data\transit\fuzhou_bus_amap_mobile_timetables_remaining_capture_20260708\0038_通学专线7路(鹤林新城--晋安榕博小学(东区)),1,13,True,ok
长乐614路,xml_by_line\386_长乐614路,remaining_capture,matsim-example-project\data\transit\fuzhou_bus_amap_mobile_timetables_remaining_capture_20260708\0066_长乐614路(长乐公交枢纽站--猴屿乡政府),1,17,True,ok
长乐616路,xml_by_line\387_长乐616路,remaining_capture,matsim-example-project\data\transit\fuzhou_bus_amap_mobile_timetables_remaining_capture_20260708\0067_长乐616路(长乐公交枢纽站--东安),1,23,True,ok
长乐617路,xml_by_line\388_长乐617路,remaining_capture,matsim-example-project\data\transit\fuzhou_bus_amap_mobile_timetables_remaining_capture_20260708\0068_长乐617路(洞湖西店--融信上江城),1,4,True,failed_or_marked
长乐619路,xml_by_line\389_长乐619路,remaining_capture,matsim-example-project\data\transit\fuzhou_bus_amap_mobile_timetables_remaining_capture_20260708\0069_长乐619路(闽运金峰车站--泮野公交首末站),1,18,True,ok
闽侯906路,xml_by_line\390_闽侯906路,remaining_capture,matsim-example-project\data\transit\fuzhou_bus_amap_mobile_timetables_remaining_capture_20260708\0084_闽侯906路(闽侯客运中心--桃田村),1,22,True,ok
闽侯地铁专线4路,xml_by_line\391_闽侯地铁专线4路,remaining_capture,matsim-example-project\data\transit\fuzhou_bus_amap_mobile_timetables_remaining_capture_20260708\0132_闽侯地铁专线4路(公交大学城西停车场--侯官村),1,4,True,failed_or_marked
闽侯地铁专线5路,xml_by_line\392_闽侯地铁专线5路,remaining_capture,matsim-example-project\data\transit\fuzhou_bus_amap_mobile_timetables_remaining_capture_20260708\0147_闽侯地铁专线5路(久策大厦--浦口洲),1,4,True,failed_or_marked
闽江之心·夜景线,xml_by_line\393_闽江之心·夜景线,remaining_capture,matsim-example-project\data\transit\fuzhou_bus_amap_mobile_timetables_remaining_capture_20260708\0028_闽江之心·夜景线(三坊七巷--三坊七巷),1,3,True,failed_or_marked
闽江之心·旅游1号线,xml_by_line\394_闽江之心·旅游1号线,remaining_capture,matsim-example-project\data\transit\fuzhou_bus_amap_mobile_timetables_remaining_capture_20260708\0027_闽江之心·旅游1号线(三坊七巷(澳门路)--三坊七巷(澳门路)),1,5,True,ok
马尾快线2号线,xml_by_line\395_马尾快线2号线,remaining_capture,matsim-example-project\data\transit\fuzhou_bus_amap_mobile_timetables_remaining_capture_20260708\0042_马尾快线2号线(西门--海军医院),1,3,True,failed_or_marked
马尾快线3号线,xml_by_line\396_马尾快线3号线,remaining_capture,matsim-example-project\data\transit\fuzhou_bus_amap_mobile_timetables_remaining_capture_20260708\0005_马尾快线3号线(屏东--海军医院),1,3,True,failed_or_marked
马尾快线4号线,xml_by_line\397_马尾快线4号线,remaining_capture,matsim-example-project\data\transit\fuzhou_bus_amap_mobile_timetables_remaining_capture_20260708\0016_马尾快线4号线(海军医院(马尾快线停车场)--文化宫),1,17,True,ok
马尾快线5号线,xml_by_line\398_马尾快线5号线,remaining_capture,matsim-example-project\data\transit\fuzhou_bus_amap_mobile_timetables_remaining_capture_20260708\0022_马尾快线5号线(华林高架--海军医院),1,2,True,failed_or_marked
高峰快线1路,xml_by_line\399_高峰快线1路,remaining_capture,matsim-example-project\data\transit\fuzhou_bus_amap_mobile_timetables_remaining_capture_20260708\0149_高峰快线1路(青年广场--马尾青洲公交总站),1,5,True,ok
高峰快线2路,xml_by_line\400_高峰快线2路,remaining_capture,matsim-example-project\data\transit\fuzhou_bus_amap_mobile_timetables_remaining_capture_20260708\0150_高峰快线2路(台江广场--青口公交总站),1,7,True,ok
高峰快线3路,xml_by_line\401_高峰快线3路,remaining_capture,matsim-example-project\data\transit\fuzhou_bus_amap_mobile_timetables_remaining_capture_20260708\0151_高峰快线3路(闽侯青岐公交总站--尤溪洲(西)公交站),1,16,True,ok
高峰快线6路,xml_by_line\402_高峰快线6路,remaining_capture,matsim-example-project\data\transit\fuzhou_bus_amap_mobile_timetables_remaining_capture_20260708\0163_高峰快线6路(马尾步行街站--公交仁德站),1,5,True,ok
鼓山下院至长乐机场直通车,xml_by_line\403_鼓山下院至长乐机场直通车,remaining_capture,matsim-example-project\data\transit\fuzhou_bus_amap_mobile_timetables_remaining_capture_20260708\0054_鼓山下院至长乐机场直通车(鼓山下院--长乐机场),1,0,True,failed_or_marked
鼓岭旅游度假区公交专线,xml_by_line\404_鼓岭旅游度假区公交专线,remaining_capture,matsim-example-project\data\transit\fuzhou_bus_amap_mobile_timetables_remaining_capture_20260708\0058_鼓岭旅游度假区公交专线(鼓山公交总站--鼓岭柳杉王公园),1,4,True,failed_or_marked
